month_end,genhlth_no_good_18_24_noTrend,genhlth_no_good_25on_noTrend,divorced_widowed_separated_noTrend,avg_close_apple_stock_noTrend,avg_close_atandt_stock_noTrend,avg_close_verizon_stock_noTrend,unemp_per_noTrend,personal_save_rate_noTrend,x24under_suicide_sa_noTrend,x25over_suicide_sa_noTrend,x24under_ment_hlth_sa_noTrend,x25over_ment_hlth_sa_noTrend
1999-02-28,0.00583427251381608,-0.00504055308752206,-0.00368016094345863,-0.045201,-3.12171052631579,0.590180499999995,0.00100000000000001,-0.001,-0.000184587062652218,0.000425914855952317,-0.0225850548892638,0.00730713741636607
1999-03-31,-0.00173152714055806,0.00119298172018617,0.0085567923651132,-0.0237724,-1.44364988558352,-3.97107195,-0.002,-0.003,0.000112376523904927,-0.0007992378494863,0.0115615226582111,-0.0038168913274671
1999-04-30,-0.0010704933901986,0.00235218152860005,-0.000488030539621709,0.04916265,2.88819875776397,3.9570212,0.000999999999999994,-0.00800000000000001,-8.70485171217542e-05,0.00019118709479986,0.00276756551742946,0.00625219595840576
1999-05-31,-0.00321168764526548,0.000577911449649152,-0.00947800914405966,0.05295775,-1.05178571428571,-1.652505,-0.000999999999999994,-0.00199999999999999,-5.61972102125084e-06,-0.000169515985239711,-0.0258920584696896,-0.00279068761603773
1999-06-30,0.00606934905551897,-0.00306370399646985,0.00943412403507077,0.0021485,1.66420454545455,3.81649925,0.000999999999999994,-0.001,-1.80830976508983e-05,-5.38098814794564e-05,0.0141036625017503,0.00310734315754574
1999-07-31,-0.00553887066045724,0.00306826740869255,0.00231723106170234,0.07952,2.78936688311688,3.97669399999999,0,0,-3.70388432231717e-05,0.000106565080951421,0.0225087988961918,-0.00554236394070129
1999-08-31,0.00155701112412178,-0.00197811071510787,-0.00488765873150321,0.0705637,-2.55073051948052,-1.13820625,-0.000999999999999994,-0.001,-4.13135489514245e-07,0.000210043758663708,-0.0188640202997571,-0.00739342479904431
1999-09-30,-0.00091222400621785,0.00329320381828896,0.00286488984645666,0.07082855,-5.27665043290043,1.0117375,0,-0.005,-6.40056357030566e-05,-0.000646930480519139,-0.025773835301386,0.00146894967308447
1999-10-31,0.00351728150167873,-0.0037180173859364,-2.24512247143371e-05,0.02936675,0.404761904761905,0.224831750000007,-0.00100000000000001,0.003,8.01859389773685e-05,0.000532738172437611,0.0156648573603088,0.000440121782467939
1999-11-30,-0.00574883104194291,0.00277260830961232,0.00263469222482443,0.2030413,1.87425595238096,-0.820633050000005,0,0.003,7.23943066224778e-05,0.000579270926171432,0.0212588446940454,0.00884350843967424
1999-12-31,0.00823004875846926,-0.00304394126458165,-8.09597626293956e-05,0.0539342,0.159564393939391,-0.317572699999992,-0.000999999999999994,-0.005,-0.000202491884230782,-0.000287610417448951,-0.0423486540159881,-0.0122633037982858
2000-01-31,-0.00768333837331007,-0.000268344825590579,-0.00955774571954665,0.01649,-9.15852272727273,-4.6287025,0,0.011,0.000229596017947694,0.000234151053253804,0.00875456522448692,0.00741340165316912
2000-02-29,0.0059186782382358,-0.00172366189885106,-0.00774465082394643,0.0930245000000001,-2.578125,-5.02496475,0.000999999999999994,-0.00600000000000001,9.65385048709276e-05,-4.03497169084062e-06,0.0552391816299547,0.0185250877126184
2000-03-31,0.000667572658131273,0.00225383736183652,0.0142784428999154,0.1492745,3.46317934782608,5.92990875,-0.000999999999999994,-0.003,-0.000178644670030047,-0.000483285898683274,-0.0314754848198954,-0.0127116578259508
2000-04-30,-0.00391771677967701,0.00222143654343968,-0.00257163073913713,-0.0863560000000001,1.26576802059497,1.9953725,-0.002,0.005,-4.30953261200844e-05,-1.15511729383644e-05,-0.0141737155051244,-0.00231817322414096
2000-05-31,-9.93314496779418e-05,-0.00291481783083684,0.00394766651137846,-0.204492,-0.936901913875602,-7.6667265,0.002,-0.001,5.11114750175209e-05,2.7793142309932e-05,-0.00101972484715984,-0.00266016298843275
2000-06-30,-0.001770118703,0.00382419954804666,-0.00189371710578756,0.00025099999999989,3.27627840909091,1.1887925,0,0,5.81632054500894e-05,-0.000369630309669051,0.0291698576353266,0.00259934125363304
2000-07-31,-0.00230807389761397,-0.00264207463273684,-0.0010579502004745,0.0516460000000001,-2.77926136363637,-4.4375955,0,0.003,-0.000161129026375183,-7.32921559678428e-05,0.00117875780723226,0.00523578116013002
2000-08-31,0.00260515384925596,0.000985012008668358,-0.000215620382299386,0.0394535,-2.14857336956522,-5.918668,0.000999999999999994,0,0.000119782043383589,0.000224222018434268,0.00499079710858225,0.000663307159691096
2000-09-30,0.00742850599719463,0.0031023761305785,0.00871515229319941,-0.1155835,3.91888586956522,2.14994274999999,-0.00199999999999999,-0.00700000000000001,-8.42950358801531e-05,-0.000184803536237583,-0.0252536271368052,0.000738574563268535
2000-10-31,-0.00234163254481121,-0.0011318331766877,-0.00700832579043259,-0.4839148,6.89034090909091,5.30881525,0,0.001,0.000128248138303907,0.000305262076099514,-0.00979859338728223,0.00305476967106938
2000-11-30,-0.00127757229412208,-0.00188514204646111,-0.00709413963535627,-0.04335895,4.08049242424243,2.8834525,0,-0.001,-5.08462448963998e-05,4.37095445399716e-05,0.0290433033143987,0.00182568801075295
2000-12-31,-0.00345948940747155,-0.00462525368342775,-0.000826874433426938,-0.0666855,-6.38333333333333,-1.658126,0,-0.003,-2.66734643683331e-05,7.28859379011109e-06,-0.0131861317597617,-0.000285345113622548
2001-01-31,0.00095903935481185,0.00920972719322993,0.00624879721878618,0.06964305,-0.61154771428572,1.2815357,0.003,0.006,-9.837103352566e-05,0.000303490863216056,0.0116585419836254,-0.00919200848668833
2001-02-28,0.00235867046965511,-0.000810914117320975,-0.002322793529693,0.00708720000000002,-1.10805728571428,-2.65525095,0,0.001,0.00013589336751918,0.000216236366442594,-0.00324529742942498,0.00332091220658398
2001-03-31,-0.0044474249720965,-0.00015876855909145,0.00818085893569659,0.0390955,-5.18107681818182,-2.76991475,0.000999999999999994,0.004,-5.49718395952696e-05,-0.000481890617088066,-0.00799079909641287,-0.00332618605795204
2001-04-30,0.00231386504779848,-0.00157432900263266,-0.00719019653528608,0.0493529,-1.51781828181818,4.8455513,0.00100000000000001,-0.003,5.93691552288925e-05,0.000224866940905993,0.00284518399955741,0.0101497218734274
2001-05-31,-0.000188117720542309,0.00109027283337645,0.00807206421129031,-0.0266514,0.98781778181818,0.739244449999994,-0.00100000000000001,-0.006,-6.56150324996425e-05,0.000143125056078272,0.0115724030849754,-0.00364591116361873
2001-06-30,0.00251267220721633,-0.00247676500932166,-0.00441049686274725,-0.01232175,-2.21967487229437,-0.935296749999999,0.002,0,0.00010121782078153,-0.0004266502463066,0.00133494483987695,-0.00218907366306204
2001-07-31,-0.00536731375905768,0.00194593802090282,0.00388046464599195,-0.01345545,1.63952380952381,1.7015179,0.001,0.012,-2.69111919092831e-05,0.00033482859589213,0.0117044129889163,0.000211478998603742
2001-08-31,0.00624692483854597,0.0018736159827106,-0.00392544107283394,-0.04484805,0.60463777225673,-2.47943214999999,0.003,0.012,-0.000130455096202349,-7.18222214736702e-05,-0.0417271971776068,-0.00955375343055714
2001-09-30,-0.00584472694535317,0.00213275547445255,0.00416094987398263,-0.037143,1.61069627536232,-0.906066750000001,0.001,0.002,8.50507842358706e-05,-0.00050918254078795,0.0264657340150722,0.0453799083597482
2001-10-31,0.00475079229103983,-0.00445252997893372,-0.00643384824194504,0.02616965,-1.54287036231884,0.977114299999997,0.003,-0.036,4.60283102157672e-05,0.000540370355182213,-0.0197675018839569,-0.0170930549138911
2001-11-30,0.00049861927475134,-0.00473827044111974,0.00131456288515702,0.0315536,-4.60817754244307,-2.78250505,0.002,0.00699999999999999,-4.58323728952483e-05,0.000482754286408027,-0.0013800875703161,-0.0141655359810431
2001-12-31,0.00270496092736492,0.00457284144926069,-0.00550934249246432,0.0411608,0.34304708809524,-0.811189150000004,0.002,0.004,6.16254116227639e-05,-0.000271450715279609,0.029071542217266,-0.00344467698963763
2002-01-31,-0.00519130609759603,0.00699819791295175,0.0181272706504524,0.0126787,-1.1544757547619,0.0355231500000031,0,0.016,3.02476018406435e-05,0.000412752290944202,-0.0404890901394144,-0.0146969304032992
2002-02-28,-0.00299722812737093,-0.00262315114703577,-0.00600654529631645,0.014464,-1.10636662155389,-1.872839,0,-0.003,-9.42650048480543e-05,-0.000101865191770561,0.00487033438222306,-0.00217733579818452
2002-03-31,0.00125807645233826,-0.00234931330779676,-0.018414146580975,0.01450925,2.09334247631579,0.303520249999998,0,0.00100000000000001,-7.32399944959577e-05,-0.000564664807779707,0.0104275416418865,-0.0137751759723884
2002-04-30,0.000397239187645861,0.00624326392616512,0.00608462447497232,-0.00147354999999999,-4.52331790454545,-3.8621404,0.002,-0.00100000000000001,1.36571297292508e-05,0.000592519413699753,0.0264012916388622,0.0195321929094236
2002-05-31,-0.000205613241492751,-0.000936725724669817,0.00788252783804461,-0.00562494999999996,-0.749545500000004,0.0265298999999999,-0.00100000000000001,0.00700000000000001,0.000136618260703258,-0.000505979757049684,-0.0667345710102907,-0.0177972232499015
2002-06-30,0.00409067044079713,0.0026176832031153,-0.00563831437472329,-0.08799075,-1.42363599545454,-1.304018,0,-0.001,-0.000114089594560825,-0.000208721238124647,0.0620048975484986,0.011935333197934
2002-07-31,-0.00533850834541784,-0.00806631951419143,0.00357438308251684,-0.0538841,-3.66545527727273,-6.5718011,0,-0.009,7.70902225678933e-05,0.00036054121989009,-0.0175019438982555,-0.0027111285648127
2002-08-31,0.00233672416334955,0.00222077173355965,-0.00433705080545227,-0.0120984,-1.31272740909091,-2.1089119,-0.000999999999999994,-0.000999999999999994,6.49232713637671e-05,-7.34952547324606e-05,-0.0141615881153503,-0.00988317032540897
2002-09-30,0.000319564445496508,0.00342409110438099,0.0100684843360891,-0.0158658,-3.47931816363636,-0.754532100000002,0,0.003,-0.000113603263831114,0.000112421299199465,0.0163820568084623,0.00179994304299513
2002-10-31,0.00056809655497674,-0.00634734438522491,-0.00282175846920141,0.0129193,0.0640220391304318,5.41752035,0,0,-3.80894920810151e-05,-0.000217158235899281,0.0132367638581011,0.0121913841369472
2002-11-30,-0.000102842568595993,0.000234930094355185,-0.00646481934986476,0.01191975,3.23197826086957,3.271287,0.002,0,9.76570872213149e-05,0.000232025890360336,-0.0292501379558585,-0.0101050125777165
2002-12-31,-0.00428689559124342,0.00596035773788237,0.00473480325653264,-0.02244665,0.192928619047617,-0.28733355,0.000999999999999994,-0.002,-9.74740800036577e-05,7.82198575972476e-05,-0.00633977143994624,0.015099153257736
2003-01-31,0.00138768301461149,-0.00295768367562243,0.00867122229710882,-0.00576735,0.35476223809524,-1.5000717,-0.002,0,3.9385973322303e-05,7.99789956164414e-05,0.0175677235682006,0.00885579892321398
2003-02-28,0.00449364681669724,0.000993617316653858,-0.00959650830912145,0.00825874999999998,-4.31671706766917,-1.614283,0.00100000000000001,0.000999999999999994,-2.05388371261536e-06,-0.000361702399698812,0.00355317289481627,-0.00580138653679724
2003-03-31,0.000248993345936536,-0.00148114486413836,0.00651853359906507,-0.000883999999999996,-2.24852155137845,-0.405595099999999,0,-0.003,-2.18278239702825e-05,0.000354992676304175,0.0121070979080634,0.0114648543517717
2003-04-30,0.00209484803902077,-0.00428237055324724,-0.00326103005032541,-0.02014275,0.808095380952381,-0.248661900000002,0.000999999999999994,0,3.11258740409333e-05,-0.000411595747421113,0.00854708164694412,-0.00791840569577212
2003-05-31,0.00195251162995465,0.00417467068517912,0.00328748677313084,0.0859375,2.80523833333333,1.3377415,0.001,0.005,-5.81706549131408e-05,0.000153690008824164,-0.0286850244710998,0.00023691755885058
2003-06-30,-0.00498405528028413,0.00196090236660405,-0.00350290402337855,-0.000294950000000016,1.52619023809524,2.6395136,0.002,-0.003,0.00018096265726308,0.00021375074942104,0.0205477792162214,0.00872658616453104
2003-07-31,0.00153931061733485,-0.00128603453481984,0.00442162182910649,0.0431967,-1.27047619047619,-3.44665685,-0.001,0.007,-0.000137942952631972,-0.000345723563063974,0.00217411281718582,-0.00391820742779486
2003-08-31,-0.00269282402692824,1.03040219358308e-06,-0.00139278162634515,-0.000625250000000022,-1.32285719047619,-0.636269999999996,-0.001,-0.002,-0.000145709824502366,-5.1398239356024e-05,0.00261331493563616,-0.00407891741532673
2003-09-30,0.00405469118340405,-0.0012507087721071,0.00440787517002933,0.02503575,-0.362856952380955,-0.573767750000002,0,-0.009,0.000210832990860608,-0.000162785421438163,0.00460392343825466,-0.00158649196610894
2003-10-31,-0.00862724521300056,0.00334756239185208,-0.0070632134632439,0.0155,-0.392111770186332,-1.68578025,-0.001,0.002,-0.00011734582116974,6.99011644152868e-05,-0.000194096538385424,0.0135344974278807
2003-11-30,0.00644745690990562,0.000737797341797387,0.000853469761646741,-0.030223,0.826773070938213,-0.334997749999999,-0.002,0.00100000000000001,0.000162849197381235,0.000317625925684626,-0.0189204657615487,0.000282581818977556
2003-12-31,0.000170026022029939,-0.00136222361309837,0.00244415254603453,-0.0104912,1.3883254784689,1.4146346,-0.000999999999999994,0,-0.000123412540405704,-1.15871724522612e-07,-3.43701663704232e-05,-0.0139895116525618
2004-01-31,0.000970517150936795,-0.00277408874965096,0.000188825542329407,0.0358927000000001,1.75272746363637,2.54913065,0,-0.004,0.000116457197614467,-0.000215222818861728,0.0291331645697918,0.00721693411630603
2004-02-29,-0.00216493226493293,0.00266255603275375,-0.000614778227030044,0.00531274999999998,-1.45578967894737,0.643016000000003,-0.00100000000000001,0,4.01215338242601e-05,0.000586996239006177,-0.0299181450626587,0.00178638706648065
2004-03-31,0.00107430821008473,0.00209559997539153,0.00610664583824194,0.07022315,-0.547253725400459,-0.0481144499999999,0.002,-0.001,-7.13573475780948e-05,-8.91115171262075e-05,-0.0060866552883081,-0.00107526825841481
2004-04-30,0.00142618725980155,0.000128327845398513,-0.000987791636731683,0.0108481,0.325900447204969,-0.169972050000005,-0.002,0.004,-1.74208528465197e-05,-0.000324011158654377,0.0105101862707897,-0.00355945121963669
2004-05-31,-0.00292927694415272,0.00302984568820153,0.00122762518494013,-0.000205300000000019,-0.320857192857144,-1.47938555,0,-0.000999999999999994,0.000126844720844295,-0.000369698208064853,0.0122594507456251,0.00417493994084145
2004-06-30,-0.00230290070587083,-0.00423387254635858,0.000580478024937547,0.0816343,-0.269618949999998,0.339494049999999,0,0.00599999999999999,-0.000181434459733541,0.0003348805043837,0.00662079615660893,-0.00878048968466505
2004-07-31,0.00222018899429792,0.000171491267965229,0.00328534505223788,-0.0141075000000001,-0.248571523809524,-0.0831865000000036,-0.000999999999999994,-0.00599999999999999,0.000115475719624963,0.000171151103384785,-0.0200350962628194,-0.000359785495443465
2004-08-31,0.00320076158410137,-0.000102569140484586,-0.00115601791839709,0.015759,1.47709979653679,2.90751085,-0.000999999999999994,-0.00100000000000001,-8.32651356208469e-05,-0.00041100913760718,-0.0173539843290587,0.00260911790676854
2004-09-30,-0.00150815657944093,-0.0012216503587065,0.000530681265985211,0.09004475,0.829090774891778,0.995549150000002,0,-0.005,6.24418713817813e-05,0.000343989693781435,0.00982331093341188,-0.00198913278939628
2004-10-31,0.00023794103636216,0.002520201894438,-0.00634289148621897,0.1580355,-0.0461905714285749,-0.357479750000003,0.000999999999999994,-0.001,-6.91430125591558e-05,0.000188339380120224,0.00993373833500222,-0.000799807773437633
2004-11-30,0.000449747204026256,0.00174387988397992,0.00375125241091917,0.22199135,-0.359523714285711,1.40159360000001,-0.000999999999999994,-0.005,0.00017913527501752,0.000115356982432977,-0.00448115431397933,0.00572247995606995
2004-12-31,0.00350035223670307,7.59936698927002e-05,0.00445001855927757,0.10916965,-0.152922034632034,-0.661900850000002,0,0.028,-0.000186349877482254,-0.000234380906030581,0.0187868630164622,0.00512910629400726
2005-01-31,-0.00508245934032528,-0.00148241729736676,-0.000395210794859879,0.14132995,-1.07536362727273,-3.31310555,-0.00100000000000001,-0.032,0.000161719218916544,-0.000177789340654695,0.00173692883941651,-0.00250069048741774
2005-02-28,0.000616877228536582,-0.000147024468632385,-0.000483286066384425,0.2340273,-0.35178967894737,-0.8957257,0.00100000000000001,-0.004,-0.000213678523683778,0.000351319019369778,-0.0241076139673767,-0.00603871551234597
2005-03-31,0.00339353738865409,0.00172996385495273,-0.00359430113566195,-0.0419200000000002,-0.514210284688993,-0.69023,-0.002,0.002,0.000151934421182684,-0.000176622348095691,-0.0121287944986786,-0.00144534925587492
2005-04-30,-0.00466564344325763,0.000782828046721001,0.00184077067383576,-0.14258925,-0.244285850649351,-0.469895999999999,0,-0.004,-7.82866003555067e-05,6.59308852080098e-05,0.00805275383684873,0.0057486266767488
2005-05-31,-0.00102309494954199,0.000219473943354961,0.00171332071436603,0.000339150000000066,0.0152380476190466,0.113313699999999,-0.00100000000000001,0.005,7.70160711966936e-08,-0.000116277075141714,0.0155800796170736,-0.00189113504890842
2005-06-30,0.00452299450936733,-0.00102244528564382,-0.00170114107358371,-0.02060715,0.120411575757576,-0.149286699999998,-0.000999999999999994,-0.00700000000000001,6.17732881918196e-05,-0.000164748414062178,-0.013108374857823,-0.00547332805138412
2005-07-31,0.000911346483465114,-0.000243921758410669,0.00192405380812999,0.1613395,0.247136140909092,-0.3215085,0,-0.00599999999999999,8.92980990913582e-06,-0.00013390852013349,0.0200141681703651,0.000412552034933233
2005-08-31,-0.00546945805515135,-0.00224138586913734,0.00198322711708221,0.13441065,0.370630080434783,-1.3206552,-0.001,0.004,-0.000126714099583258,-6.19428464329122e-05,-0.0148634717450001,3.02931692686692e-05
2005-09-30,0.00371669672867121,-0.00102288882715859,-0.00192834702620753,0.2484466,-0.372463511387163,-0.275641799999999,0.001,0,4.17652123307422e-05,0.000520628688489642,-0.00245769264006873,0.00455709645084479
2005-10-31,-0.0031125589696715,0.00464673381743406,0.000878654739456253,0.1065534,-0.889523761904762,-1.8665446,0,0.004,-6.21237983619921e-05,-0.000173552204579069,-0.0139508408835762,-0.00333362193949105
2005-11-30,0.000487420029109178,-0.000110784130896678,0.00558623106082917,0.41791085,1.11333333333333,1.0931266,0,0.005,9.0705074640555e-05,0.00012606823785186,0.020055675699343,-0.00638416228228145
2005-12-31,0.00202101111501697,-0.00474230873958832,-0.00794034884862144,0.201875,0.695238238095239,-1.07469075,-0.001,0.001,-6.94305884502903e-05,0.000159001671425131,-0.0270627803856006,0.00211431790886479
2006-01-31,-0.00299433979330011,-0.00110544636264547,0.00656071506800504,0.13221415,0.223285421428571,0.990604149999999,-0.002,0.006,-4.66890169350798e-05,-0.000174183147511766,0.0309713018216611,0.00644302460275537
2006-02-28,0.00511149654460672,0.00106162691415703,-0.0045310117093858,-0.2563214,2.50100020263158,1.97266385,0.001,0,4.1964626882455e-05,-6.15582142867062e-05,-0.0221963881137651,-0.00396042198438717
2006-03-31,-0.00196015944008651,0.00159365879632149,0.00520865733451081,-0.23437475,-0.386521574370708,0.512615000000004,-0.001,0,-2.23092309270209e-06,-0.000165896961273355,0.0291335045349443,0.00466383760982619
2006-04-30,0.00224106375826392,0.00295027308770256,0.00124018887683552,0.20678575,-1.15874132036613,-1.232072,0,-0.003,1.67677372121427e-05,0.000349029684954136,-0.0152826625871259,-0.00778274371958099
2006-05-31,-0.00249266399520399,-0.000990956824263443,0.000862026483464395,-0.0914466000000003,-0.251555339712919,-1.08773145,-0.001,-0.00199999999999999,3.10411318280349e-06,-7.25581305535562e-05,0.00193707166349871,0.00208480901614294
2006-06-30,0.000317582124144797,-0.0014116678138101,0.0025291020604073,-0.2727504,1.41863654545455,0.685283949999999,0,0.00199999999999999,7.92912985219791e-05,-3.88123374670153e-06,-0.0202354253085034,-0.00252166368574974
2006-07-31,0.00366817284759633,-0.00097994286437765,-0.00701837401064886,0.0682501999999996,0.706181486363633,0.134898249999999,0.001,-0.006,0.000105357733454674,-9.54380790659012e-05,-0.00449472250692051,-0.0035962322133678
2006-08-31,-0.00603710351689208,0.00244042007803486,0.00258701255767113,0.25130355,2.6759129326087,1.7536795,0,0.003,-0.000202785378777902,-0.000318517686120044,0.0264690021824173,0.0116017861866046
2006-09-30,0.000553083843465416,-0.00188140192332839,0.000355196360206811,0.24919675,1.49658746739131,1.5018685,-0.002,-0.001,-5.19960366849085e-06,0.000230065211652835,0.00231391727034574,-0.00901630929421166
2006-10-31,-0.00144743649757323,-0.00102460501462008,0.00392903061604105,0.1224283,1.29586334090909,0.969470399999999,-0.000999999999999994,0,0.000108141703310374,0.000298141748271686,-0.0209510401689632,-0.00235837254519905
2006-11-30,0.00476587698809921,0.00291897876817998,-0.0053595464199242,0.37149995,-0.0696974004329007,-1.36952415,0.000999999999999994,0.004,-7.62181483959883e-05,0.000230441778285359,0.00582821474996759,0.00584405650455405
2006-12-31,-0.00131053633715762,-0.00064109087248148,-0.0020337866321824,-0.07946425,1.81483375952381,1.67710675,-0.000999999999999994,-0.00199999999999999,0.000132055760806366,-0.00017523867152359,-0.00782738752885032,0.00125965705692171
2007-01-31,-0.000558034656290467,0.00104836205324756,0.012535028436482,0.0680358999999999,0.153500449999996,1.117454,0.00199999999999999,-0.001,-0.000144291975671077,2.8489475957752e-05,0.0175871806921968,0.00177931684084459
2007-02-28,0.004234826137481,0.000559798963244811,-0.00695869084403761,-0.0719644000000002,1.9839468631579,0.168506499999999,-0.001,0.004,-3.86120917921081e-07,-0.00022598006730541,-0.00829471913638274,-0.00815853974173325
2007-03-31,-0.00310306454374251,0.000482524355566172,0.00164830395365723,0.19116075,0.362416236842108,-0.532122000000001,-0.000999999999999994,0.003,6.95704066665834e-05,0.000227614333983986,0.0012467832517925,0.00445785490047751
2007-04-30,-0.00379824670539483,0.000898657053896995,0.00680489551333996,0.15451785,1.58113635,1.0899165,0.000999999999999994,-0.002,-0.000139668706158913,-0.000318925400407656,-0.0299038637986836,-0.00457128476124802
2007-05-31,0.00180363115145724,0.00267645959722199,-0.000504082335399614,0.62039265,0.900681513636357,3.727183,-0.000999999999999994,-0.00199999999999999,5.27303423425382e-05,0.000512990877517629,0.0303730971732935,0.00211100341071241
2007-06-30,0.00476300807626109,-0.00146193860522603,-0.00280659754528623,0.35044625,-0.0498477922077925,-0.137697249999995,0.00199999999999999,-0.00199999999999999,-1.64131783912411e-05,-0.000224728525307248,0.00116600452025623,-0.00725305195440878
2007-07-31,-0.00706492420037059,-0.00299669329925369,-0.00454146256968291,0.549589900000001,0.0704762857142853,-0.137231550000003,0.001,-0.001,0.000196638833788714,1.8122302185699e-05,-0.0318839123860081,0.00356200642046678
2007-08-31,0.00352322297745641,0.000334406984397434,0.00370567489151946,-0.274500150000001,-0.629897291925467,-0.3785527,-0.001,-0.003,-0.000181143696586759,-5.59685464847342e-05,0.0476286430862334,-0.00143292040900683
2007-09-30,0.00485123332323951,0.000193574286597539,0.00317922229878947,0.42285675,1.45924575057209,1.369979,0.001,0.002,4.89865510339225e-06,0.000364303710191067,-0.0196603702818782,-0.000205492956099007
2007-10-31,-0.00612665603689767,5.03182813099204e-05,0.00189886925184529,1.1531432,0.861624249427912,1.7457327,0,-0.002,-6.00025113630396e-06,7.25446740719501e-05,-0.0120336383130853,0.00774564873015793
2007-11-30,0.00508779186172919,-0.000335785472702174,-0.00414738644289042,-0.10564295,-3.10954470807453,-1.7947427,0,-0.002,2.14677870398964e-05,2.93663406487014e-05,-0.00290161959630653,-0.00074544475784466
2007-12-31,-0.00522441567612947,0.00157858429585413,-0.00290801416813852,0.72557155,1.62776169285714,1.08711330000001,0.003,0.004,6.87831148540612e-05,-0.000169187684181936,-0.00950497201020228,-0.00387742668254482
2008-01-31,0.00829142277539463,-0.00463045926243241,0.0028880832015567,-1.50869655,-2.14776164523809,-4.4035388,0,0.002,4.26030861668111e-06,0.000259435699614285,0.0139087036045586,0.00291363670717559
2008-02-29,-0.00315798631249275,-0.0016127796337423,-0.00833264465553102,-0.921607000000001,-1.75173795476191,-2.64427000000001,-0.001,0.00399999999999999,-5.19833917089418e-05,0.000211833497341803,6.97311339395434e-05,-0.000654675037273678
2008-03-31,-0.000944137393947502,0.00139818136978363,0.00417053300005155,0.42844635,-0.165000249999999,-0.948261799999997,0.00199999999999999,-0.000999999999999994,-3.7922649298538e-05,-0.00040162822510446,-0.00366686386504089,-0.000997525634915564
2008-04-30,-0.00234800111717855,0.0011850313229551,0.00349836486724231,1.0381609,1.97650025454546,1.45461605000001,-0.000999999999999994,-0.006,4.61579969623601e-05,8.2594440697038e-05,0.020664816780083,0.00376331116479589
2008-05-31,-0.000516208755618006,0.00109333539281858,0.00393350075175736,0.7333925,1.22119047402597,0.933197999999997,0.004,0.044,-2.04932558649992e-05,-4.87106838592249e-05,-0.00194320470019932,-0.00224162183778032
2008-06-30,-0.0015859070617074,-0.00149192562292721,-0.00375065095193278,-0.3767678,-3.36000023809524,-1.74775625,0.00199999999999999,-0.023,8.04549002011202e-05,1.32178650082155e-05,0.00240038780022384,-0.000921313268230251
2008-07-31,0.00646298032799968,0.00120785445472015,0.0022970558385027,-0.377517950000001,-4.05755382683983,-1.3965165,0.002,-0.011,-2.60596945769037e-05,-0.000224915770803864,0.000118456548497348,0.000285372790279625
2008-08-31,-0.00614462292093871,-0.000768099647497966,-0.00113487584467586,0.313393250000001,-0.954826792207793,0.267298749999995,0.003,-0.00600000000000001,-3.83516799395552e-05,-0.000234523047351423,-0.0158467697637673,0.00687843324064563
2008-09-30,0.00284826749261896,0.00366988855559004,0.000171408002897611,-1.3512323,-0.687143333333331,-1.81200085,0,0.009,3.12417048091607e-05,0.000775891191715714,0.0143201072503,-0.00884932651377868
2008-10-31,0.00439478392004376,-0.00211837875040203,0.00329213862368699,-1.26876795,-4.55927480331263,-5.51525665,0.004,0.008,3.29122757918364e-05,-0.000429033596546662,-0.00145599325410456,0.0107458428214957
2008-11-30,-0.00278016035183351,-0.000458590691132493,-0.00723495209598884,-0.3075,1.21418751258581,2.92152325,0.003,0.01,-5.96808839482615e-05,0.000101165917624841,-0.00938856377595471,-0.00739348258593725
2008-12-31,0.000780055971865872,-0.00298722812611986,1.25843812402437e-05,0.0297679500000001,1.09705746172249,2.9163664,0.00499999999999999,-0.001,2.62487961615752e-05,-2.91619807527496e-05,0.0185631671241004,0.0034916595739371
2009-01-31,-0.00368645109417667,0.000855973863207737,0.00239970849939641,-0.1398572,-1.88113630909091,-2.62093115,0.005,-0.002,-9.18091027012017e-05,1.66453622684748e-05,-0.0208157808990364,-0.000434847057963317
2009-02-28,0.00493701055498808,0.00245363902267749,-0.00542400049264702,0.249911,-2.04434220526316,-0.893338750000002,0.005,-0.007,0.000123095403636017,2.17232427339037e-05,-0.00219904755018363,-0.00190864314653333
2009-03-31,-0.00772577257725773,1.32655769738421e-06,0.00225375864460237,0.224446,0.279569514354066,0.0797199000000006,0.00399999999999999,0.004,-4.55200929559316e-05,-0.000198959396843364,-0.0116969006147663,-0.00383718066078909
2009-04-30,0.00386878392443936,0.000376571401009544,0.00493110084501647,0.800018,1.24298716233766,1.51703585,0.003,0.009,-4.22509793312393e-05,7.04831621981868e-05,0.0016328148588719,0.00127677439268636
2009-05-31,0.00511236439547877,-0.00318928959063391,-0.00154686655990116,0.14098225,-0.66971447142857,-1.8523305,0.004,0.014,0.000100191146518421,0.000268421002556104,0.00578857362138124,-0.00813831189907838
2009-06-30,-0.00728141560900445,0.00245188437221448,-0.00170895483450234,0.47271435,-0.535091236363638,0.579146049999999,0.001,-0.015,-1.68697130635469e-05,0.000285580075586746,-0.000452361893262587,0.00803994696862531
2009-07-31,-0.00232853390879047,-0.000214416347830419,-0.000296481842999852,0.4534464,0.120909363636365,0.417360949999999,0,-0.00700000000000001,-0.000110960476583316,-0.000263979801518462,0.00989995334922344,-0.000875100329445988
2009-08-31,0.00358041711418541,0.000512283529188293,0.00351842565363175,0.534339,1.12818167748918,0.548664850000002,0.001,-0.011,0.000134295949934953,0.00011604785789707,-0.00902730040639155,-0.00101211278797969
2009-09-30,-3.91450716354796e-06,0.000837712937536303,-0.00115165860122524,0.45494625,0.668095619047616,-0.806583849999999,0.002,0.01,1.80351747956376e-05,0.000359905973803327,-0.00432553064616353,-0.00506788205598885
2009-10-31,0.00131107403022945,-0.00168662669658831,0.00249364920305151,0.415268,-0.439459023809523,-0.9800945,0.002,-0.005,-1.0208500884029e-05,-0.000503830493130873,0.0094289818968491,-0.00536006262393868
2009-11-30,0.0012636891576828,-0.00319728322539924,-0.00259964140716645,0.20657175,0.277864000000001,1.65537395,-0.001,0.005,-0.000132939261574931,-8.55694934147194e-05,-0.0350661708449758,0.00175750666414221
2009-12-31,-0.00882449583110856,0.00463012361017697,0.00309598826428925,0.140839,1.47031768181818,2.21810755,0,0,6.88691058481814e-05,0.000114751177675006,0.0282059363429785,0.00254226599326246
2010-01-31,0.00927835051546392,-0.00120090866369593,0.000843003026119171,-0.0191962500000002,-1.34050223444976,-2.56278225,-0.001,0.00199999999999999,-5.01667635768844e-05,-3.50255752483673e-05,-0.000551152340470151,0.000416373367880141
2010-02-28,-0.00201686261468339,0.00150040491689486,0.00222157600304124,-0.0499107499999996,-1.271579,-1.517035,0,-0.003,9.73680793241178e-05,-3.18029047275889e-06,-0.00333249560830035,0.0116480863935302
2010-03-31,0.000948766603415561,0.00289039665247108,0.000999392515045106,0.9429108,0.585697748283753,1.2183175,0.001,-0.000999999999999994,2.80460649317487e-05,0.000187975028795575,0.00580690542681195,-0.00303261017242556
2010-04-30,0.00372312603784571,0.00068950635088795,-0.0028106965036851,1.0122677,0.452898542443066,-0.751717999999997,0,0.007,-5.47057106126733e-05,0.000100239669658154,-0.0178271966856953,-0.00186297731778945
2010-05-31,-0.00245781717689894,2.1475344600716e-05,0.00739200101601112,-0.225339100000001,-0.942833488095239,-1.4298116,-0.003,0.00600000000000001,-4.95896730047102e-05,0.000199054966840556,0.0233755376190996,-0.000776227070001578
2010-06-30,-0.00349826460433895,0.0004027942256324,-0.00191546231122053,0.404892850000001,-0.254590386363635,0.776917349999998,-0.002,-0.001,2.01407941080593e-05,-0.000105721171547177,-0.0233091264423221,0.00316885093724145
2010-07-31,-0.00228172252498925,0.00081985277722009,0.00209349445964385,-0.129553750000001,0.105043207792207,0.681613250000002,0,-0.001,6.72066746848859e-05,8.20670680668212e-05,0.0189949828548737,-0.000995308580689747
2010-08-31,6.85301277477714e-05,-0.00448091708398612,-0.0034994617999824,-0.1726247,1.65904742857143,2.1930004,0.001,0.001,0.000104012567671788,-1.86899427594579e-05,0.00432833145345829,0.00330547123194619
2010-09-30,0.0030531013334305,0.00046760863679142,-0.00158825646153671,0.94860695,1.36238104761905,2.2094991,0,-0.002,2.4472035547989e-05,-0.000464435659560983,0.00911931344537326,-0.00663046532640954
2010-10-31,0.000638028331221929,0.00242885502281112,0.00586477523878892,0.925357,0.365238047619048,0.450001,-0.001,-0.001,-7.81049376262562e-05,0.000256626141238937,-0.000256831602218344,0.00112596409269933
2010-11-30,0.00013564262092932,-0.000366757935322315,0.00413996407213402,0.30539285,0.0647618571428552,0.280499900000002,0.004,0,-3.76907425252073e-05,-2.19774717905765e-05,-0.0328427966337794,0.000346559288529835
2010-12-31,0.00150126904148663,-0.00205312883018745,-0.00596430716922497,0.320232149999999,0.412164229437231,2.23699909999999,-0.00499999999999999,0.00499999999999999,-5.66690292733772e-05,0.000389018570927397,0.0112308925623991,-0.000326872710783799
2011-01-31,-0.00539780643666501,-0.00190142833922777,-0.00688042582358078,0.605410650000001,-0.43154523181818,0.681000900000008,-0.00200000000000002,0.00300000000000002,1.37134850837081e-05,-0.000456597137534502,-0.0117493896449264,-0.00311182195299053
2011-02-28,0.00385055884106721,-0.00210753141713747,-0.00154406423773723,0.539589599999999,-0.386684423684212,0.608999849999996,-0.001,0.00199999999999999,0.000133221845599093,-0.000359243562628198,0.00187592079311111,0.000226977996444944
2011-03-31,0.000942318036970041,0.00102433492685602,-0.00324519579659016,-0.328661,0.381510647597256,0.597499749999997,0,-0.00599999999999999,-8.26120304060771e-05,0.000770329737057282,0.0270749239203222,0.00557241257531949
2011-04-30,4.72983758920183e-05,0.00228861888049917,0.000171847539942815,-0.137589,2.11667382608696,0.702499500000002,0.001,-0.001,8.07527907610171e-05,0.000164456766719506,0.00207637534820526,0.00285732111336534
2011-05-31,-0.00106805631356255,-0.000302339668045978,-0.000628844490628444,-0.00683959999999928,0.694071476190476,-0.766999900000002,-0.001,0,1.1543325880309e-05,-0.000367156150652369,-0.01434615452087,-0.000884420229211647
2011-06-30,-0.000629837505311153,0.00117253726605291,0.00793231680893081,-0.417981900000001,-0.614935203463205,-0.673000599999995,0.001,0.003,-9.15288078658101e-05,5.99287167525019e-05,0.0100613557689975,0.000331191845016454
2011-07-31,-0.00226468185531451,-0.00086878373316096,0.000204144168696407,1.72,-0.233636372727272,0.457501749999992,-0.001,0,4.06228109284662e-05,0.000310981685446994,-0.0269705267966899,-0.00138384959025051
2011-08-31,-0.00153681548487501,0.000965180752522006,0.000736695221492667,-0.1517321,-1.68391285652174,-1.50650155,0,0,-9.25480400220577e-05,-7.31049512970317e-05,0.0284255450797847,0.00236569185707325
2011-09-30,0.00640248406567895,0.000749195404861111,-0.00209244641572509,0.644499849999999,-0.531325233954451,1.08400155,0,-0.004,0.00017833148855167,-0.000223293238989819,-0.00321335085416313,-0.0068824987621034
2011-10-31,-0.00150101924717929,-0.00361228140600329,-0.00231620087703849,0.252571550000001,0.621904571428573,0.981999049999999,-0.00199999999999999,0,-0.00015164037455982,1.7367555852835e-05,-0.00306950224270303,0.00199910397319963
2011-11-30,-0.00208026158737801,0.000492720355244253,-0.00854647201023262,-0.70587505,-0.152380476190476,-0.347001049999996,-0.00200000000000002,0.001,4.86240196531347e-06,0.000170936985553836,0.0246077495539652,-0.00187183414411357
2011-12-31,0.00227355624393196,0.000976701924653364,0.00312333702361178,0.626250000000001,0.541428619047618,2.53250075,-0.000999999999999987,0.00899999999999999,6.89157940686326e-05,-6.75115706092692e-05,-0.0109355829114091,0.00533434388278553
2012-01-31,-0.00312362838750732,-0.000693697622978669,0.00238126258354621,1.36255345,0.717285476190476,-1.0734995,-0.002,0.002,7.96800271243485e-05,-0.000144386940374103,0.00506925789115559,0.00418881580734792
2012-02-29,0.00239740974502951,0.00024705370389555,-0.00533834739944034,2.92458955,0.102500299999999,-0.0140012500000068,0,0,-9.69411280879102e-05,0.000370009915143847,0.00324012158545184,0.00494573855650698
2012-03-31,1.26145197709669e-05,0.000252882960731206,-0.00284113480507098,2.35008925,1.24768147272727,0.840000250000003,-0.00100000000000001,0.005,-8.94363672621402e-05,-0.000233368990702941,0.0085950766073119,-0.00641942622669728
2012-04-30,0.000140151714230655,-0.00102493096222712,0.0019877742274455,0.515821199999998,-0.156681772727271,-0.2519998,0,0.00199999999999999,0.000140869561483278,3.30488787006339e-05,-0.00853997831579406,-0.00463614807351875
2012-05-31,-0.000591434078196099,0.00313728605792818,0.00721324772220233,-1.46198245,2.18850009090909,2.46450055,0,0.00100000000000001,-6.21352638845731e-05,0.000537997031914201,-0.0111836615598447,0.000785006065255112
2012-06-30,-0.00422259883877296,0.0013732145085539,-0.00680185860590582,0.894464499999998,1.57738090909091,2.30249975,0,0.00299999999999999,3.4488245985724e-05,-0.000455450137172284,-0.0101006854950481,-0.000475257428394882
2012-07-31,0.00620578458619021,-0.00341900534695292,0.00646507000737756,0.82373235,0.856666285714283,1.1010005,0,-0.00900000000000001,-8.44423011671191e-05,0.00025490357378128,-0.00350636432348367,0.00123862216844928
2012-08-31,-0.00462678861907406,-0.00015952700868109,0.000350710985650815,1.65591065,1.28182223602484,-1.003501,-0.000999999999999987,-0.00299999999999999,9.57708713048646e-05,-0.000319793306487258,0.0078186642308361,0.00415049200492301
2012-09-30,-0.000376252583062169,0.000222250669535816,-0.00279945843075863,1.255715,0.571235741418768,1.17250075,-0.003,0.00299999999999999,1.16842859023125e-05,7.43645644601422e-06,-0.0132318626069878,-0.010545675388528
2012-10-31,0.00282645605678802,0.000607735339749886,0.00188899220027328,-2.50498265,-1.4863911679198,0.350999849999994,0,0.00600000000000002,-0.000131903603992119,-0.000126150887038235,0.0144276054146413,0.00456007186990348
2012-11-30,-0.00431636291106734,0.00112203679005261,-4.96718457629886e-05,-2.0252861,-2.22523804761905,-2.23600009999999,-0.001,0.00899999999999998,4.37490688034185e-05,6.0414644644893e-05,-0.00227733293482735,0.0024577985025786
2012-12-31,0.00377182893980206,-0.000215795702445808,0.00112344013344295,-1.3602857,-0.0309760976190461,0.898000499999995,0.002,0.023,5.00085433143235e-05,0.000226648897347321,0.0203827558790073,-0.00633373103168716
2013-01-31,0.00378150181501035,-0.00389565617613331,-0.00416966799813162,-1.47649955,0.298595097619049,-0.610500250000001,0.001,-0.057,-5.50848305285805e-05,0.000395207322051814,-0.0386061307637942,-0.0126783606882466
2013-02-28,-0.00254155070516792,-0.00114726868818765,4.96891431307489e-05,-0.869464250000004,1.22716768922305,1.950001,-0.003,-0.005,9.84838436509337e-08,-0.000634454175260575,0.0111659602776237,0.00230079122864529
2013-03-31,-0.00262881554353231,0.00149460856582437,-0.00369115719571028,-0.325625249999998,0.990237013157902,3.3199995,-0.002,0.00100000000000001,0.000147936240007035,0.000312310957890406,-0.000826445702851286,0.012852694954505
2013-04-30,0.00560305554593438,0.000127474875294728,0.00492329654694007,-0.81591055,1.38450006818181,3.25850035,0.001,0.005,-2.63514712953313e-06,-5.80501498058713e-05,0.00692899828444116,-0.00334746993463764
2013-05-31,-0.00297698458784959,0.00165739118546213,0.00263929162148185,0.826267799999998,-0.874544863636366,-0.2685016,-0.001,0.003,-8.10264248808784e-05,-0.0003114006545793,-0.0116589293923276,-0.000769255961145132
2013-06-30,-0.00188866178509135,0.000536109837561971,0.00423814487723895,-0.885892749999998,-1.52095525454545,-1.2349985,0,0.001,-6.91730782235972e-05,0.000205131262549554,0.0200223663139842,4.50463225724063e-05
2013-07-31,0.000961659762707867,-0.000508614190007535,-0.00359774847376504,0.50033895,0.196863981818176,0.293499499999996,-0.002,-0.002,1.6984766524253e-05,0.000156651037949505,-0.00257325884965576,0.00247517037576311
2013-08-31,-0.00253437687524737,-0.000383423717435286,0.00165831257540494,1.8490358,-1.12772722727272,-2.58099975,-0.000999999999999987,0.001,5.06926724802856e-05,-0.000174614086682841,-0.0105742343594736,0.00314529224679888
2013-09-30,0.00386380373887374,0.00099763807351979,-0.000336983025420401,-0.249750000000002,-0.410636004545459,-0.809001250000001,0,0.001,-2.93702134747601e-05,0.000111479544807183,0.00263659843403458,-0.0104911193903205
2013-10-31,-0.00214304184422034,-0.00137177181261366,0.000556091316867346,1.1664465,0.486564767391307,2.37900075,0,-0.00600000000000001,7.41528613458281e-06,-2.9113616288861e-06,0.00671984618326349,-0.00874293971703632
2013-11-30,0.00323593116120112,-0.0020303504333047,-0.00563872164565249,0.658303749999998,0.864934432608692,0.512500750000001,-0.003,-0.001,-0.000157813170354222,-6.55022556949082e-05,-0.00685347941625819,0.0029110036915887
2013-12-31,-0.00422961572336732,0.00201015594930238,0.00398502417422825,0.805463750000001,-0.912594935714282,-1.4895009,-0.002,0.003,0.000176285459845094,-4.6527955955538e-06,0.00734895427665122,0.00122733642309136
2014-01-31,4.65094508981662e-05,-0.0034657939195179,-0.0169968757886057,-0.815642499999999,-0.693333428571428,-0.660499850000001,-0.001,0.00699999999999999,-6.85041923771496e-05,-0.000252985737538935,-0.0272155607939747,0.000590154121415887
2014-02-28,0.00115006053790887,-0.00331067148315475,0.00349497793189213,-0.0457147500000019,-1.30172907518797,-0.894999499999997,0.001,0,4.82946908678002e-05,0.00022001384169246,0.0258254614725237,-0.0008018719611943
2014-03-31,0.000702436915761604,-0.000493905603592859,-0.0130612688082222,0.0909288500000009,0.753157837092729,0.077500349999994,0,0.00100000000000001,2.61335116893385e-05,-0.000324753929678078,-0.00820835324054975,-0.00153220559495326
2014-04-30,0.000659580016259414,0.00490549645634137,0.0107287150089508,0.747553649999997,2.10428576190476,-0.187501599999997,-0.005,0,1.30767403462447e-05,0.000687794494365845,-0.0100808538438178,-0.00200544144712633
2014-05-31,-0.00299642660414401,0.00209654271211242,0.0101176108613601,1.97419675,0.450476333333334,2.38000125,0.001,0.002,-0.000250364021340772,-0.000233515802535103,0.0211567376791345,0.00726603854049701
2014-06-30,0.00346715658768802,2.23503993323979e-05,-0.00741290254932164,1.3231784,-0.685238619047617,0.0914989500000019,-0.002,0.000999999999999987,0.000161766480506771,5.69204608859633e-05,-0.0185025557511384,-0.00234810824307813
2014-07-31,0.00263781499369083,-0.00249051738202256,0.00219970552811521,0.944410350000002,0.724113021645017,1.14100105,0.001,0,1.62796700874002e-05,-0.000440986283435042,0.00140528070191837,0.00215484983150493
2014-08-31,-0.00516189879960372,-0.00195809433642444,-0.000474983415221952,0.818125249999998,-1.1736364978355,-1.5550005,-0.001,-0.002,0.000194451700849594,0.00142452711834706,0.016436606320491,-0.00219357752193927
2014-09-30,0.00428221889744525,0.00182933896441577,0.00141516299921907,0.314250400000002,0.332857238095237,0.64399985,-0.00199999999999999,0.002,3.35112025178878e-05,0.000498695725043489,0.00327639323994766,0.00381222317631941
2014-10-31,-0.00715815109157978,-0.00133447863609888,0.00216791543394684,0.62824985,-0.58459611180124,-0.626499850000002,-0.002,-0.002,-7.46040384691478e-05,-0.000752313764039262,-0.011684479669009,-0.0125327959480864
2014-11-30,-1.7464930419717e-05,-0.00224126690324288,-0.000765482468993384,2.935625,0.74384414187643,1.78250025,0.000999999999999994,0.00100000000000001,0.000106944068994659,-0.000377464666798211,-0.0130672063880864,0.00458805242508287
2014-12-31,0.00167401764234162,0.00143461462343631,-0.00755626999199233,-0.670375250000003,-1.69165099760766,-3.5839994,-0.002,0.00299999999999999,-0.000131333606732364,3.65671441674344e-05,0.0264394314624436,0.00186973771235766
2015-01-31,0.00204093711998106,-0.00299627010039805,-0.00750460179311174,0.0172504999999994,-0.104454418181817,-0.30350035,0.00100000000000001,0.004,3.4243471845266e-05,-0.000111283339066549,0.0136920310468172,0.00349931122644948
2015-02-28,-0.00142067486216211,-0.00164019940051913,-0.00478469771988665,3.489375,0.983999994736841,2.36250099999999,-0.002,0.000999999999999987,-0.000104342529825269,-0.000173098975339802,-0.0161951555251506,-0.00752887802634966
2015-03-31,2.68137371212084e-05,0.00350974080394024,0.00766137012697177,-0.265125700000002,-1.14863630382775,-0.32100045,-0.000999999999999994,-0.00499999999999999,0.000106053214286383,0.000840777023598863,-0.000716843541482548,0.006733667380664
2015-04-30,-0.00213699451037464,0.00337878718956567,-0.00278440292942034,0.709499950000001,0.0576839805194851,0.695999700000002,0,-0.001,8.79209721465475e-05,-0.000650823509391552,0.0148977912241044,-0.00337117810727772
2015-05-31,0.00502766600963287,-3.77815820861785e-05,0.00874100320365012,0.508125250000003,0.961952378571425,0.104999499999998,0.00199999999999999,-0.001,4.14060817623698e-05,0.000280542753144099,-0.000334155158651428,0.00853204904254085
2015-06-30,-2.77017628214637e-05,-0.000242145357039016,-0.00468486508198329,-0.670125200000001,0.790818140909096,-2.3930002,-0.003,-0.000999999999999987,-0.00020368804823795,-4.28949259526652e-05,-0.010399883258621,-0.00107412948552099
2015-07-31,-0.000570582541880129,-0.00158077305521474,0.00356676825123003,-0.611749800000002,-0.222272363636364,-0.496999299999999,-0.000999999999999994,-0.00100000000000001,0.000106077763107452,4.97017150679607e-05,0.00309766957683355,-4.96176862961883e-05
2015-08-31,-0.0049219944816323,-0.000478228592366278,0.00666746921736094,-3.1787502,-0.99002177489178,-0.687000300000001,-0.00100000000000001,0,-4.08040283459625e-05,6.80889461606229e-07,-0.00961176269346209,-0.00182065319796354
2015-09-30,0.00324149264901607,0.00493067170759567,-0.00469367867148807,0.306874700000002,-1.27619038095238,-1.82799995,-0.000999999999999994,0.00100000000000001,-7.2358887536579e-05,-0.0004561416079815,-0.00391894504292539,0.00261790701151998
2015-10-31,0.00764090738027177,-0.00216352844312947,0.0020976758142347,0.561875749999999,0.832575383116883,1.13500025,0,0.000999999999999987,7.8102578230549e-05,0.000187645623812679,0.0130295684500372,-0.00155441961256958
2015-11-30,-0.00401335151666486,-0.00221898743902475,-0.00170220371981944,0.618249349999999,-0.124409104545457,-0.207001099999999,0.000999999999999994,-0.00299999999999999,-3.30912458837472e-05,-0.000274361637121287,0.0316316227503619,0.00386132300080028
2015-12-31,-0.00550725511172721,-0.00187431822490861,-0.000421422762993728,-2.44574935,0.787136104545453,0.559500849999999,-0.000999999999999994,0.000999999999999987,0.000190321076598231,0.000323927310000189,-0.00699539181165787,-0.00129559314986522
2016-01-31,0.000839411962742677,0.00129864587166165,-0.00561225801237603,-2.47812575,0.440838045454548,0.74000075,-0.002,0.003,-8.8398937896729e-05,4.21990936449613e-05,-0.00435183731186156,0.000389708138071265
2016-02-29,0.00260570150617402,-0.000331966865682841,-0.0064480960757109,-0.3546245,2.2125265,4.3864998,0.001,-0.00399999999999999,4.01459394244342e-05,0.000101026791335035,-0.00806286316725152,0.0026859414281491
2016-03-31,-0.00144010093758837,-0.00168049903432953,-0.00476995554212784,2.2915,1.79663595454545,2.3809992,0.001,0.00299999999999999,-6.65234717220995e-05,0.000252462225530662,0.000232444987896374,0.000240649938081428
2016-04-30,-0.00339197508333942,0.00582848265231863,0.0130714349705712,-0.369375000000002,0.0742204025974047,-2.080001,0.000999999999999994,-0.004,9.8162444047839e-06,-0.000254850737541869,0.00899609549074543,-0.00760216630018207
2016-05-31,0.00233915242950024,0.000713698160894352,0.00781988131210681,-2.2841252,0.313334095238091,-0.603000000000002,-0.003,-0.00199999999999999,6.8947378290907e-07,-0.000303455198798248,-0.00204160084656152,0.00693978206688428
2016-06-30,0.00331848681424018,-0.0024951152800772,-0.00494222873537997,0.129125200000001,1.76835468398269,3.62550025,0.001,-0.004,-0.000111407584283302,6.12505180656916e-05,0.000141465502968452,-0.00683308650554015
2016-07-31,-0.005424816252537,-5.07291296959964e-05,-0.00157937210287878,0.930000250000003,2.13095401363637,1.53500075,-0.001,0.002,2.13907370135269e-05,0.000558765593427034,-0.00705582102029989,0.00627319077190558
2016-08-31,0.00100253915615121,-0.000615946270964125,-0.00437773270655895,2.08887535,-0.708543171739137,-2.8744994,0.001,-0.001,0.000203721224931159,-9.42586278792623e-05,-0.00525135115889058,-0.00170679592929179
2016-09-30,-5.23339764068893e-06,0.000722352436293108,0.00210576891726455,0.7536244,-1.40600428778468,-0.878000100000001,0.001,0,-0.000183031320579611,-0.000306770533284534,0.00649243280693085,-0.0018977028872737
2016-10-31,0.00441659982512808,-0.00127890140905628,0.0118062832099903,0.8043744,-2.21428519047619,-3.3220007,-0.001,0.002,0.000138946309502016,0.000174134620691404,0.0113723349080234,-0.00401406675006377
2016-11-30,-0.00210560124654198,0.000265827937344525,0.000343546415026152,-1.03124965,-0.977142857142859,0.0719997000000063,-0.002,-0.001,-1.97303572122339e-05,-0.000461714851389568,0.0147868169785522,0.0122832759687676
2016-12-31,0.000327038231229848,0.00239054236873006,-0.0030631235414309,1.37999975,3.75904738095238,3.89500124999999,0,-0.003,4.2225937863234e-06,-1.45002914640792e-05,-0.0144811748143618,-0.00579498807474171
2017-01-31,0.00477024070021882,-0.00572461200365723,-0.0212839850038394,1.5077505,0.292428426190476,-1.36300115,0,0.003,-6.38459201236145e-05,0.000242785659412201,0.00885894037535923,-0.000389340337938138
2017-02-28,-0.00208823036672892,0.00157910408908532,0.00226697050388119,3.6185,-0.116789107894739,-1.62700035,-0.001,0.003,-6.38710457192184e-05,2.66900011816548e-05,0.0207628691661711,0.00943810395805239
2017-03-31,0.00354517019389347,0.000271779219637454,0.00167510209369764,1.1968755,0.550136983981695,-0.172499999999999,-0.00199999999999999,0,0.000198143396977887,1.00600542207382e-05,-0.00900049054239971,-0.00258226401520462
2017-04-30,-0.00344762781172842,0.00100892165542654,0.00586825309139777,0.429999250000002,-1.52592698398169,-1.9324995,0.000999999999999994,0.000999999999999987,8.06757300358691e-05,0.000317998011290154,-0.00196960863275142,0.00580502807101169
2017-05-31,0.000913215790977483,0.00607487182419104,0.00421314655004479,2.71462565,-2.09569338755981,-1.66800055,-0.000999999999999994,0.005,-8.74754838382937e-06,0.000457006356018932,0.00473160384461158,-0.00493640005128337
2017-06-30,0.00116607250376875,0.00227203272672006,0.00449142324747437,-2.01212515,0.12499981818182,-0.0919989499999971,-0.00100000000000001,-0.00199999999999999,-5.24013810338929e-06,-0.000205516621524141,-0.0337628575338431,0.00323345866376085
2017-07-31,-0.00312990964636991,-0.00563084766160896,-0.00673594002701733,1.12212415,-1.34822727272727,-0.226000250000006,0,0.000999999999999987,-8.68209987275261e-05,3.4350075271387e-05,0.0166304086280986,-0.00630172189272965
2017-08-31,0.00011940986819621,-0.000184043325698699,0.00289191930571764,2.4616256,0.927890956521736,2.4634995,0.00100000000000001,0.001,0.000134724720911668,0.000236785982745007,0.0124286433764484,0.0087843087416028
2017-09-30,0.00236293304536607,0.000128147375084119,-0.00373908072818513,-0.898124750000001,-0.557891356521736,0.252502,-0.002,-0.003,-0.000157131591130203,-9.81227786769397e-05,0.00786435155945364,0.000914574362884224
2017-10-31,-0.000902417003614667,-0.00278900082553826,-0.00118780550095543,1.17200035,-1.11222673636364,0.1579981,-0.00100000000000001,0.00100000000000001,0.000116350428780574,-4.1240172349381e-05,-0.00263371740114127,-0.001173470898087
2017-11-30,-0.000895064170530615,-0.000661009736428714,-0.00514573294525394,2.97299914999999,-2.10393976839826,-1.35800035,0.00100000000000001,-0.004,-5.88543887343781e-05,-0.000292047699812387,0.0218248108886746,-0.00549034391013536
2017-12-31,-0.00241855274171577,-0.00171486265419594,0.00255252078476248,-0.203750499999998,3.5786669547619,5.33,-0.00100000000000001,-0.004,5.3849132899514e-05,-0.000166358248246807,-0.0335931165083105,0.000658211422264687
2018-01-31,0.00734222093857709,-0.00168917332496176,-0.00369296828703924,0.154250750000003,-0.457238050000001,0.320001149999996,-0.000999999999999994,0.00899999999999999,6.46196969658203e-05,0.000189495743809227,0.0291764049685385,-0.000317200442061072
2018-02-28,-0.00528926852922526,0.00249408826814203,0.000508423480079123,-0.593624750000004,-0.580551578947365,-3.64499989999999,0.000999999999999994,0.003,-1.67506871799994e-05,-0.000140067867238948,-0.0202315460594926,-0.00697482003781552
2018-03-31,-0.00187206752646594,0.00173973080572772,-0.00483972599134191,0.635625000000005,-0.509924516290731,-1.2250005,-0.000999999999999994,0,-0.000147091442496653,0.000117613063571356,0.00543106741824617,0.00900434381717174
2018-04-30,0.00281088774239459,-3.44601602962138e-05,0.00497907747807352,-0.420999850000001,-1.34857195238095,0.640000199999996,0,-0.001,-9.41909149347712e-05,-0.000105306667674415,0.0042689419326688,-0.0025735978047649
2018-05-31,-0.00223934943561112,0.0036895311495183,0.00680956928758258,4.35849935,-2.76525931601731,-0.387499699999999,-0.002,0,0.000187336218378724,0.000223492650098864,0.0115971246089114,0.00666502495242327
2018-06-30,0.00338328322203195,-0.0017451474655223,-0.0040593038423698,-0.196875250000005,0.378117030303031,1.1549995,0.002,0.002,-7.1676471633555e-05,0.000976233468385638,-0.0202826678586128,-0.00167835262157351
2018-07-31,-0.00405900432739066,0.000434978071403094,0.00501120932860821,1.5748757,-0.831428952380953,2.2304994,-0.002,0,-7.07239490827655e-06,-0.000417176357563564,0.020136552170491,0.00549408437195581
2018-08-31,0.00467591673568852,-0.00193954213345611,-0.00225852241396085,5.82075030000001,0.715031590062111,2.5445006,0,-0.001,-4.33575885578192e-05,-4.78155141954446e-05,0.0134324433727638,-0.00291073586762036
2018-09-30,0.00405797062550856,-0.000513816971005165,-0.00048823979529089,1.22749999999999,0.689930221967963,-0.0125010000000003,-0.000999999999999994,0.001,3.03312662459554e-05,-2.76055074674084e-05,0.00325852622496781,0.00284155633831518
2018-10-31,-0.00505734618411044,-0.00153131164524083,-0.00177909342481275,-1.0592511,-0.869496091533179,1.052001,0.000999999999999994,-0.003,2.9967709524943e-05,-0.00012330528694731,0.00997366192217541,0.00254135799859845
2018-11-30,0.00328423712989575,0.0022299874188309,-0.00192035753658093,-7.6701249,-1.83975100621118,4.260499,0,-0.00199999999999999,-8.23716176845597e-05,-0.00065952761830881,-0.00347785551738555,-0.00326067362311866
2018-12-31,0.00094031968631544,-0.00100786275264074,0.00803732607683283,-7.3448751,-0.969699533834586,-3.1404988,0.001,0.017,2.04875462187979e-05,0.000342458143670092,0.0227083103951586,0.0106294321072123
2019-01-31,-0.0102261069338536,0.000105371310048723,-0.0153870948589958,0.127375600000001,0.998746867167917,0.253000049999997,0.001,-0.00599999999999999,-3.40314210015332e-05,-0.000367080064664795,-0.0346269293194481,0.00158643607865111
2019-02-28,0.0026852572545722,-0.000276528814496017,0.00525616503687543,3.46125025,-0.18716823558897,-0.767500749999996,-0.002,0.000999999999999987,-8.59985071610732e-05,0.000228495051362857,0.0205219910615043,-0.00850485695016839
2019-03-31,0.00312554650034244,-0.0011728405838533,0.00173332613046601,3.20374975,0.313834759398496,2.70499975,0,-0.00599999999999999,0.000176359199032123,0.000343589319035201,0.00280183234622988,-0.00191281085909029
2019-04-30,-0.00447508512597881,0.000818629615844169,-0.000740932042502029,4.537125,1.12904766666667,-0.514497850000005,-0.000999999999999994,-0.005,-6.62217333697972e-05,-0.000259736397339273,-0.00600061454337186,0.00452845470261931
2019-05-31,0.00198419160174319,0.00168527622754314,0.00474649645979225,-4.52525,-0.43989167965368,-0.770501899999999,0,-0.002,-8.49828492001815e-05,-0.000261082352917106,0.0102132000564333,0.00688172468077997
2019-06-30,-0.00173999864289799,0.00305428684901509,0.000154768471747613,2.46062474999999,1.01177262727273,0.437501000000005,-0.001,-0.002,0.000136674386429281,0.000199527234979182,0.00915885207106648,0.00390920332590122
2019-07-31,-0.000605914860710311,-0.00285744390765817,-0.003502100869131,2.36962545000001,1.27459119090909,-0.6530001,0,-0.000999999999999987,-7.4375370594495e-05,0.000149993834688514,0.0101820920998429,-0.000873680957894918
2019-08-31,0.00247673286383913,-0.00234065817054778,-0.00136339207279773,0.0853752999999955,1.07909086363636,-0.324500650000004,0.001,0.00299999999999999,-0.000113272255945754,0.000144554002936819,-0.0153549277966202,-0.00255402568058732
2019-09-30,0.00560075587593474,0.00227586327779869,0.00162599434995436,3.5991243,2.54381849545454,3.27450065,-0.002,0,0.000200681058901166,9.97627399018167e-05,0.0119508495343974,-0.00397589315099323
2019-10-31,-0.00672054448767787,-2.09288040907835e-05,0.00812964695481533,6.16025145,0.495608680434785,0.527998850000003,0.001,-0.000999999999999987,2.94870753082281e-05,-0.000296282737348032,0.00156314612384523,0.000358683932359549
2019-11-30,0.00251658395363301,-0.00118532208753903,4.10494043670551e-05,4.99437525,0.860890619565218,-0.717499750000002,0,0.00299999999999999,-0.00014538309324428,-0.000507665989754028,0.00161693530509166,0.00470652574170327
2019-12-31,0.00224070639687768,0.00116714377267321,-0.00125546837643215,4.6933719,-0.0439758928571408,1.4875007,0,-0.00299999999999999,8.45147835818196e-05,0.000420083333370264,0.0213792338006887,0.00398115838867519
