month_end,ment_health_no_good_18_24,genhlth_no_good_18_24,ment_health_no_good_25on,genhlth_no_good_25on,divorced_widowed_separated,avg_close_apple_stock,avg_close_atandt_stock,avg_close_verizon_stock,x0_24_suicides,x25on_suicides,population_num_million,unemp_per,personal_save_rate,x0_24_suicides_per_thous,x25on_suicides_per_thous
1999-01-31,0.4595701125895599,0.00511770726714432,0.2950152594099695,0.04984740590030519,0.263841547673883,0.37109400000000003,55.141447368421055,51.35976025,384,2111,277.74,0.043,0.063,1382.5880319723483,7600.633686181321
1999-02-28,0.44734625105307496,0.010951979780960405,0.3018696977184746,0.044806852812783134,0.2601613867304244,0.325893,52.01973684210526,51.949940749999996,294,1997,277.94,0.044000000000000004,0.062,1057.7822551629847,7185.003957688709
1999-03-31,0.46353730092204526,0.009220452640402346,0.3012327293786713,0.045999834532969304,0.2687181790955376,0.3021206,50.57608695652174,47.9788688,368,2095,278.2,0.042,0.059000000000000004,1322.7893601725377,7530.553558590942
1999-04-30,0.4702526487367563,0.008149959250203748,0.31077463610506945,0.04835201606156935,0.26823014855591587,0.35128325,53.464285714285715,51.93589,342,2128,278.46,0.043,0.051,1228.1835811247577,7642.031171442936
1999-05-31,0.44609053497942386,0.0049382716049382715,0.30833620987228166,0.0489299275112185,0.2587521394118562,0.404241,52.4125,50.283385,349,2191,278.75,0.042,0.049,1252.0179372197308,7860.089686098655
1999-06-30,0.4470787468247248,0.01100762066045724,0.3103448275862069,0.04586622351474865,0.268186263446927,0.4063895,54.07670454545455,54.09988425,306,2123,279.04,0.043,0.048,1096.6169724770643,7608.228211009174
1999-07-31,0.45859375,0.00546875,0.30126282557221784,0.0489344909234412,0.2705034945086293,0.4859095,56.86607142857143,58.07657825,314,2235,279.35,0.043,0.048,1124.0379452299983,8000.715947735815
1999-08-31,0.4426229508196721,0.00702576112412178,0.295654296875,0.046956380208333336,0.2656158357771261,0.5564732,54.31534090909091,56.938372,321,2266,279.65,0.042,0.047,1147.863400679421,8102.985875201146
1999-09-30,0.4262008733624454,0.00611353711790393,0.30415973377703825,0.050249584026622295,0.26848072562358277,0.62730175,49.038690476190474,57.950109499999996,299,1948,279.95,0.042,0.042,1068.047865690302,6958.385425968923
1999-10-31,0.456661316211878,0.009630818619582664,0.3016367887763055,0.04653156664068589,0.26845827439886844,0.6566685,49.44345238095238,58.17494125,338,2099,280.22,0.040999999999999995,0.045,1206.1951323959745,7490.543144672043
1999-11-30,0.47360248447204967,0.0038819875776397515,0.3067992047713718,0.04930417495029821,0.27109296662369287,0.8597098,51.317708333333336,57.3543082,331,2090,280.47,0.040999999999999995,0.048,1180.1618711448639,7451.777373694155
1999-12-31,0.4299772899318698,0.012112036336109008,0.29377632938558146,0.04626023368571656,0.27101200686106347,0.913644,51.47727272727273,57.036735500000006,254,1981,280.73,0.04,0.043,904.783956114416,7056.602429380543
2000-01-31,0.42072630646589904,0.0044286979627989375,0.2980412460091466,0.04599188886012598,0.2614542611415168,0.930134,42.31875,52.408033,359,2226,280.94,0.04,0.054000000000000006,1277.8529223321707,7923.4000142379155
2000-02-29,0.48632668144863267,0.010347376201034738,0.31611363461390407,0.04426822696127492,0.2537096103175704,1.0231585,39.740625,47.38306825,347,1990,281.16,0.040999999999999995,0.048,1234.1727130459524,7077.820458102147
2000-03-31,0.45948072383949645,0.011014948859166011,0.30658189977561706,0.04652206432311144,0.26798805321748576,1.172433,43.203804347826086,53.312977,340,2178,281.42,0.04,0.045,1208.1586241205316,7739.322009807405
2000-04-30,0.44925479063165363,0.007097232079488999,0.3075534373194685,0.048743500866551125,0.2654164224783486,1.086077,44.469572368421055,55.3083495,326,2154,281.64,0.038,0.05,1157.5060360744214,7648.061354921177
2000-05-31,0.44996501049685095,0.006997900629811057,0.3052455357142857,0.04582868303571429,0.2693640889897271,0.8815850000000001,43.53267045454545,47.641623,349,2273,281.89,0.04,0.049,1238.0715882081663,8063.42899712654
2000-06-30,0.46601941747572817,0.005227781926811053,0.30674615152429824,0.049652882583760945,0.2674703718839395,0.881836,46.80894886363637,48.8304155,327,2115,282.16,0.04,0.049,1158.9169265664868,7495.747093847462
2000-07-31,0.4562043795620438,0.00291970802919708,0.3084422946111405,0.04701080795102411,0.266412421683465,0.933482,44.0296875,44.39282,300,2177,282.42,0.04,0.052000000000000005,1062.2477161674103,7708.37759365484
2000-08-31,0.46408839779005523,0.0055248618784530384,0.31089049787265804,0.047995819959692466,0.26619680130116563,0.9729355000000001,41.88111413043478,38.474152000000004,341,2212,282.69,0.040999999999999995,0.052000000000000005,1206.268350489936,7824.825780890728
2000-09-30,0.4481865284974093,0.012953367875647668,0.31866555966488036,0.05109819609027096,0.27491195359436504,0.857352,45.8,40.62409475,313,2021,282.96,0.039,0.045,1106.1634153237208,7142.352275940063
2000-10-31,0.45318352059925093,0.010611735330836454,0.31875726255274905,0.049966362913583265,0.26790362780393245,0.3734372,52.69034090909091,45.93291,366,2109,283.2,0.039,0.046,1292.3728813559323,7447.033898305085
2000-11-30,0.477909147479776,0.009334163036714374,0.31690185811889404,0.04808122086712215,0.2608094881685762,0.33007825,56.770833333333336,48.8163625,324,1948,283.44,0.039,0.045,1143.0990685859442,6872.706745695738
2000-12-31,0.46344647519582244,0.00587467362924282,0.31585694141776693,0.0434559671836944,0.25998261373514925,0.26339275,50.3875,47.1582365,296,1921,283.65,0.039,0.042,1043.5395734179447,6772.430812621189
2001-01-31,0.45709946848899013,0.00683371298405467,0.30351644790147464,0.052665694376924324,0.26623141095393543,0.3330358,49.77595228571428,48.4397722,309,2188,283.84,0.042,0.048,1088.6414881623452,7708.568207440812
2001-02-28,0.46421536441234407,0.009192383453709783,0.3063846610001977,0.05185478025960335,0.26390861742424243,0.340123,48.667895,45.78452125,308,2012,284.05,0.042,0.049,1084.3161415243794,7083.259989438478
2001-03-31,0.4608540925266904,0.004744958481613286,0.3062383979299094,0.0516960117005119,0.272089476359939,0.3792185,43.48681818181818,43.0146065,336,2202,284.27,0.043,0.053,1181.9748830337355,7746.156822738945
2001-04-30,0.4676470588235294,0.007058823529411765,0.31967783057132926,0.05012168269787924,0.26489927982465294,0.4285714,41.9689999,47.8601578,351,2245,284.49,0.044000000000000004,0.05,1233.7867763366023,7891.314281697071
2001-05-31,0.48094940662086194,0.006870705808869456,0.3163841807909605,0.051211955531255696,0.27297134403594325,0.40192,42.95681768181818,48.59940225,341,2398,284.73,0.043,0.044000000000000004,1197.6258209531836,8422.013837670775
2001-06-30,0.4691689008042895,0.00938337801608579,0.31309638168427795,0.048735190521934035,0.268560847173196,0.38959825000000003,40.73714280952381,47.6641055,331,2222,284.97,0.045,0.044000000000000004,1161.5257746429447,7797.311997754149
2001-07-31,0.46987951807228917,0.004016064257028112,0.3097682226095939,0.05068112854283685,0.27244131181918796,0.3761428,42.37666661904762,49.3656234,342,2401,285.22,0.046,0.055999999999999994,1199.0743987097678,8418.063249421499
2001-08-31,0.4310455420141116,0.010262989095574085,0.30199936528086324,0.052554744525547446,0.268515870746354,0.33129474999999997,42.98130439130435,46.88619125,312,2352,285.49,0.049,0.068,1092.8578934463553,8238.467196749449
2001-09-30,0.46686303387334316,0.004418262150220913,0.3544157608695652,0.0546875,0.27267682062033666,0.29415175,44.592000666666664,45.9801245,332,2066,285.69,0.05,0.07,1162.0987783961637,7231.614687248416
2001-10-31,0.46189111747851,0.009169054441260744,0.3343596391724734,0.05023497002106628,0.2662429723783916,0.3203214,43.04913030434783,46.9572388,362,2222,285.92,0.053,0.034,1266.088416340235,7771.4045886961385
2001-11-30,0.4561933534743202,0.009667673716012085,0.3165130107468223,0.04549669957994654,0.26755753526354864,0.351875,38.44095276190476,44.17473375,321,2185,286.14,0.055,0.040999999999999995,1121.8284755713987,7636.122177954848
2001-12-31,0.48398835516739447,0.012372634643377001,0.3123087621696801,0.05006954102920723,0.2620481927710843,0.3930358,38.78399985,43.3635446,318,2078,286.34,0.057,0.045,1110.5678563944962,7257.106935810575
2002-01-31,0.4254937163375224,0.00718132854578097,0.294463346736777,0.05706773894215898,0.2801754634215367,0.4057145,37.6295240952381,43.39906775,368,2379,286.54,0.057,0.061,1284.2884065051999,8302.505758358344
2002-02-28,0.4407252440725244,0.0041841004184100415,0.2918333118307315,0.05444458779512321,0.27416891812522026,0.4201785,36.52315747368421,41.52622875,301,2110,286.72,0.057,0.057999999999999996,1049.8046875,7359.095982142857
2002-03-31,0.4557823129251701,0.005442176870748299,0.2812380588460069,0.052095274487326454,0.25575477154424525,0.43468775,38.61649995,41.829749,324,2278,286.93,0.057,0.059000000000000004,1129.1952741086675,7939.218624751682
2002-04-30,0.48613138686131385,0.00583941605839416,0.3040599625234229,0.05833853841349157,0.2618393960192176,0.4332142,34.09318204545455,37.9676086,326,2427,287.15,0.059000000000000004,0.057999999999999996,1135.2951419118929,8452.02855650357
2002-05-31,0.4211267605633803,0.005633802816901409,0.2866150006567713,0.05740181268882175,0.2697219238572622,0.42758925000000003,33.343636545454544,37.9941385,374,2395,287.39,0.057999999999999996,0.065,1301.3674797313754,8333.623299349316
2002-06-30,0.4700162074554295,0.009724473257698542,0.2974516084110848,0.06001949589193706,0.2640836094825389,0.3395985,31.92000055,36.6901205,302,2280,287.63,0.057999999999999996,0.064,1049.9600180787818,7926.850467614644
2002-07-31,0.4415204678362573,0.0043859649122807015,0.29120084177298433,0.05195317637774563,0.26765799256505574,0.2857144,28.254545272727274,30.1183194,343,2468,287.87,0.057999999999999996,0.055,1191.5100566227811,8573.314343279952
2002-08-31,0.43025210084033616,0.0067226890756302525,0.28310256754940183,0.054173948111305284,0.26332094175960347,0.27361599999999997,26.941817863636363,28.009407500000002,369,2418,288.13,0.057,0.054000000000000006,1280.6719189254852,8392.045257349115
2002-09-30,0.45598591549295775,0.007042253521126761,0.29193899782135074,0.05759803921568627,0.27338942609569256,0.2577502,23.462499700000002,27.2548754,332,2309,288.38,0.057,0.057,1151.2587558083085,8006.796587835495
2002-10-31,0.4840182648401826,0.0076103500761035,0.30116731517509726,0.051250694830461366,0.27056766762649115,0.2706695,23.526521739130434,32.67239575,338,2248,288.61,0.057,0.057,1171.1305914555974,7789.057898201725
2002-11-30,0.45045045045045046,0.0075075075075075074,0.2873812101527728,0.05148562492481655,0.2641028482766264,0.28258925,26.7585,35.94368275,338,2138,288.8,0.059000000000000004,0.057,1170.3601108033242,7403.047091412742
2002-12-31,0.4428341384863124,0.00322061191626409,0.30172079182300426,0.05744598266269892,0.26883765153315903,0.2601426,26.95142861904762,35.6563492,289,2131,289,0.06,0.055,1000,7373.702422145329
2003-01-31,0.4423963133640553,0.004608294930875576,0.3074281057166143,0.054488298987076494,0.27750887383026784,0.25437525,27.30619085714286,34.1562775,342,2338,289.13,0.057999999999999996,0.055,1182.8589215923632,8086.327949365337
2003-02-28,0.4563106796116505,0.009101941747572815,0.3011740200719561,0.05548191630373035,0.2679123655211464,0.262634,22.989473789473685,32.5419945,301,1991,289.26,0.059000000000000004,0.055999999999999994,1040.5863237226024,6883.0809652216
2003-03-31,0.4730473047304731,0.00935093509350935,0.31581879741139157,0.05400077143959199,0.27443089912021146,0.26175,20.74095223809524,32.1363994,339,2426,289.4,0.059000000000000004,0.053,1171.3890808569456,8382.861091914305
2003-04-30,0.4855421686746988,0.01144578313253012,0.31119010248361184,0.04971840088634475,0.27116986906988605,0.24160725,21.54904761904762,31.8877375,346,2285,289.55,0.06,0.053,1194.9576929718528,7891.555862545329
2003-05-31,0.4585870889159562,0.013398294762484775,0.3117792814257124,0.05389307157152387,0.2744573558430169,0.32754475,24.354285952380952,33.225479,338,2444,289.82,0.061,0.057999999999999996,1166.241115174936,8432.820371264925
2003-06-30,0.46601941747572817,0.008414239482200648,0.3194071421466229,0.055853973938127924,0.27095445181963834,0.3272498,25.88047619047619,35.8649926,351,2451,290.11,0.063,0.055,1209.885905346248,8448.519527075936
2003-07-31,0.45719973457199736,0.009953550099535502,0.3119492966455403,0.054567939403308084,0.27537607364874483,0.3704465,24.61,32.41833575,330,2436,290.39,0.062,0.062,1136.402768690382,8388.718619787182
2003-08-31,0.4627062706270627,0.007260726072607261,0.30965527533204,0.05456896980550167,0.2739832920223997,0.36982125,23.28714280952381,31.78206575,295,2392,290.66,0.061,0.06,1014.9315351269523,8229.546549232778
2003-09-30,0.4766619519094767,0.011315417256011316,0.31510527059488486,0.053318261033394564,0.278391167192429,0.394857,22.924285857142856,31.208298,352,2202,290.92,0.061,0.051,1209.9546267014987,7569.091159081534
2003-10-31,0.49126344086021506,0.002688172043010753,0.3256767012395649,0.05666582342524665,0.2713279537291851,0.41035699999999997,22.532174086956523,29.52251775,335,2224,291.16,0.06,0.053,1150.5701332600631,7638.411869762329
2003-11-30,0.4680252986647927,0.009135628952916374,0.3222781906139345,0.057403620767044035,0.27218142349083185,0.38013399999999997,23.358947157894736,29.18752,354,2138,291.36,0.057999999999999996,0.054000000000000006,1214.99176276771,7338.001098297638
2003-12-31,0.4667143879742305,0.009305654974946313,0.30752910737386807,0.05604139715394567,0.2746255760368664,0.3696428,24.747272636363636,30.6021546,297,2108,291.55,0.057,0.054000000000000006,1018.6931915623392,7230.320699708454
2004-01-31,0.47784200385356457,0.010276172125883108,0.31159755646057014,0.05326730840429471,0.2748144015791958,0.40553550000000005,26.5000001,33.15128525,373,2231,291.72,0.057,0.05,1278.6233374468668,7647.744412450294
2004-02-29,0.4582850521436848,0.008111239860950173,0.31293124441918985,0.05592986443704846,0.27419962335216574,0.41084825,25.044210421052632,33.794301250000004,344,2158,291.89,0.055999999999999994,0.05,1178.5261571139813,7393.196067011546
2004-03-31,0.4568279240661359,0.009185548071034905,0.3150358991484388,0.05802546441243999,0.2803062691904077,0.4810714,24.496956695652173,33.746186800000004,368,2468,292.11,0.057999999999999996,0.049,1259.799390640512,8448.87200027387
2004-04-30,0.4712858926342072,0.010611735330836454,0.31476615869679453,0.0581537922578385,0.279318477553676,0.4919195,24.822857142857142,33.57621475,361,2352,292.35,0.055999999999999994,0.053,1234.8212758679665,8045.151359671627
2004-05-31,0.4852752880921895,0.0076824583866837385,0.31929336002088593,0.06118363794604004,0.28054610273861613,0.4917142,24.50199995,32.0968292,407,2359,292.57,0.055999999999999994,0.052000000000000005,1391.1200738284854,8063.027651502205
2004-06-30,0.47878063359234907,0.005379557680812911,0.3094141448926004,0.05694976539968146,0.2811265807635537,0.5733485,24.232381,32.43632325,314,2401,292.81,0.055999999999999994,0.057999999999999996,1072.367747003176,8199.856562275878
2004-07-31,0.44775174160861303,0.007599746675110829,0.30551472132386914,0.05712125666764669,0.28441192581579156,0.559241,23.983809476190476,32.35313675,367,2537,293.06,0.055,0.052000000000000005,1252.303282604245,8656.930321435882
2004-08-31,0.4332909783989835,0.010800508259212199,0.30990873533246416,0.057018687527162104,0.28325590789739447,0.575,25.46090927272727,35.2606476,350,2387,293.31,0.054000000000000006,0.051,1193.2767379223349,8138.147352630323
2004-09-30,0.4524660471765547,0.009292351679771264,0.31495608977202166,0.055797037168455604,0.2837865891633797,0.66504475,26.29000004761905,36.25619675,364,2344,293.57,0.054000000000000006,0.046,1239.9087100180536,7984.467077698676
2004-10-31,0.4771953710006807,0.009530292716133424,0.31119321521538335,0.05831723906289361,0.2774436976771607,0.8230802500000001,26.243809476190474,35.898717,361,2401,293.8,0.055,0.045,1228.7270251872021,8172.226004084411
2004-11-30,0.4683965402528277,0.00998003992015968,0.31323460272684533,0.06006111894687353,0.2811949500880799,1.0450716,25.884285761904763,37.3003106,385,2255,294.02,0.054000000000000006,0.04,1309.434732331134,7669.546289368071
2004-12-31,0.48590686274509803,0.013480392156862746,0.31760413743334803,0.06013711261676623,0.28564496864735744,1.1542412499999999,25.73136372727273,36.63840975,309,2156,294.23,0.054000000000000006,0.068,1050.198824049213,7327.600856472827
2005-01-31,0.46963824289405687,0.008397932816537468,0.3119549619163263,0.05865469531939947,0.28524975785249757,1.2955712,24.6560001,33.3253042,399,2291,294.38,0.053,0.036000000000000004,1355.3909912358176,7782.458047421699
2005-02-28,0.4558918222794591,0.00901481004507405,0.3054635472961194,0.058507670850767086,0.28476647178611314,1.5295985,24.30421042105263,32.4295785,295,2148,294.56,0.054000000000000006,0.032,1001.493753394894,7292.232482346551
2005-03-31,0.44839255499153974,0.012408347433728144,0.3071981210279083,0.060237634705719814,0.2811721706504512,1.4876785,23.790000136363638,31.7393485,385,2435,294.78,0.052000000000000005,0.034,1306.0587556822038,8260.397584639391
2005-04-30,0.46039309112567006,0.007742703990470518,0.3162364584726495,0.061020462752440816,0.28301294132428695,1.34508925,23.545714285714286,31.2694525,360,2433,295.03,0.052000000000000005,0.03,1220.2148934006711,8246.618987899536
2005-05-31,0.4777031154551008,0.006719609040928528,0.314697584806991,0.06123993669579578,0.284726262038653,1.3454284,23.560952333333333,31.3827662,369,2515,295.26,0.051,0.035,1249.745986588092,8517.916412653256
2005-06-30,0.4514792899408284,0.011242603550295858,0.3081255313119864,0.06021749141015196,0.28302512096506927,1.32482125,23.68136390909091,31.2334795,347,2410,295.52,0.05,0.027999999999999997,1174.201407688143,8155.116404981051
2005-07-31,0.46049966239027684,0.012153950033760972,0.30499844527363185,0.05997356965174129,0.28494917477319925,1.48616075,23.92850005,30.911971,369,2457,295.77,0.05,0.022000000000000002,1247.591033573385,8307.13054062278
2005-08-31,0.4485294117647059,0.0066844919786096255,0.306813634544727,0.05773218378260395,0.28693240189028146,1.6205714,24.299130130434783,29.5913158,339,2409,296.04,0.049,0.026000000000000002,1145.1155249290637,8137.413862991487
2005-09-30,0.4554234769687964,0.010401188707280832,0.31840721822452556,0.05670929495544536,0.28500405486407393,1.869018,23.92666661904762,29.315674,347,2418,296.31,0.05,0.026000000000000002,1171.070837973744,8160.372582768048
2005-10-31,0.45626822157434405,0.007288629737609329,0.3121105295018338,0.06135602877287943,0.2858827096035302,1.9755714,23.037142857142857,27.4491294,346,2368,296.51,0.05,0.03,1166.908367340056,7986.239924454488
2005-11-30,0.47200622083981336,0.007776049766718507,0.3020452747749444,0.06124524464198275,0.29146894066435935,2.39348225,24.15047619047619,28.542256000000002,344,2224,296.76,0.05,0.035,1159.1858741070225,7494.2714651570295
2005-12-31,0.443666899930021,0.00979706088173548,0.30340002109630465,0.05650293590239443,0.2835285918157379,2.59535725,24.84571442857143,27.46756525,302,2241,296.99,0.049,0.036000000000000004,1016.8692548570659,7545.708609717499
2006-01-31,0.45663265306122447,0.006802721088435374,0.30669456066945605,0.055397489539748955,0.29008930688374296,2.7275714,25.06899985,28.4581694,331,2379,297.22,0.047,0.042,1113.6531861920462,8004.171993809299
2006-02-28,0.44479745830023826,0.011914217633042097,0.30228143957720793,0.056459116453905986,0.28555829517435716,2.47125,27.570000052631578,30.43083325,302,2112,297.42,0.048,0.042,1015.3990989173558,7101.069195077667
2006-03-31,0.4785604900459418,0.009954058192955589,0.3101252001746979,0.05805277525022748,0.29076695250886797,2.23687525,27.18347847826087,30.943448250000003,347,2405,297.65,0.047,0.042,1165.7987569292793,8079.959684192845
2006-04-30,0.46722560975609756,0.012195121951219513,0.3056321672231093,0.061003048337930035,0.2920071413857035,2.443661,26.024737157894737,29.71137625,350,2487,297.87,0.047,0.039,1175.009232215396,8349.279887199113
2006-05-31,0.47089262613195343,0.009702457956015523,0.3080692376225022,0.06001209151366659,0.2928691678691679,2.3522144,25.77318181818182,28.6236448,360,2583,298.12,0.046,0.037000000000000005,1207.5674225144237,8664.296256540989
2006-06-30,0.43754175016700064,0.01002004008016032,0.304448848493132,0.05860042369985649,0.2953982699295752,2.079464,27.191818363636365,29.30892875,343,2525,298.38,0.046,0.039,1149.5408539446344,8462.36342918426
2006-07-31,0.4220532319391635,0.013688212927756654,0.2973129782064764,0.05762048083547884,0.2883798959189263,2.1477142,27.897999849999998,29.443827,394,2584,298.63,0.047,0.033,1319.3584033754144,8652.848005893582
2006-08-31,0.45141545524100996,0.0076511094108645756,0.31069966049490744,0.0600609009135137,0.29096690847659745,2.39901775,30.573912782608694,31.1975065,341,2459,298.91,0.047,0.036000000000000004,1140.811615536449,8226.556488575156
2006-09-30,0.463081130355515,0.008204193254329991,0.30871983842964956,0.05817949899018531,0.29132210483680426,2.6482145,32.07050025,32.699375,335,2381,299.16,0.045,0.035,1119.802112581896,7958.951731514908
2006-10-31,0.45692567567567566,0.006756756756756757,0.3033983991012498,0.05715489397556523,0.2952511354528453,2.7706428,33.36636359090909,33.6688454,385,2472,299.4,0.044000000000000004,0.035,1285.9051436205746,8256.513026052104
2006-11-30,0.45843621399176954,0.011522633744855968,0.3055613631611959,0.06007387274374521,0.2898915890329211,3.14214275,33.29666619047619,32.29932125,333,2358,299.66,0.045,0.039,1111.2594273509976,7868.918107188146
2006-12-31,0.4493322859387274,0.01021209740769835,0.3060614486306131,0.05943278187126373,0.2878578024007387,3.0626785,35.11149995,33.976428,351,2275,299.89,0.044000000000000004,0.037000000000000005,1170.429157357698,7586.114908799894
2007-01-31,0.4489139179404666,0.009654062751407884,0.3046922804418537,0.06048114392451129,0.30039283083722074,3.1307144,35.2650004,35.093882,351,2475,300.1,0.046,0.036000000000000004,1169.610129956681,8247.250916361212
2007-02-28,0.45098039215686275,0.013888888888888888,0.2960810415922595,0.0610409428877561,0.29343413999318313,3.05875,37.248947263157895,35.2623885,309,2156,300.29,0.045,0.04,1029.0052948816144,7179.726264610876
2007-03-31,0.45685670261941447,0.01078582434514638,0.3037188194804008,0.06152346724332227,0.29508244394684036,3.24991075,37.6113635,34.7302665,376,2570,300.51,0.044000000000000004,0.043,1251.2062826528236,8552.128048983395
2007-04-30,0.4309006211180124,0.006987577639751553,0.3024372454871452,0.062422124297219266,0.3018873394601803,3.4044285999999997,39.192499850000004,35.820183,332,2452,300.73,0.045,0.040999999999999995,1103.9803145678848,8153.493166627872
2007-05-31,0.463003663003663,0.008791208791208791,0.30490051028110754,0.06509858389444126,0.3013832571247807,4.02482125,40.09318136363636,39.547366,357,2725,300.97,0.044000000000000004,0.039,1186.164734026647,9054.058544040932
2007-06-30,0.4510542168674699,0.01355421686746988,0.29654873288307826,0.06363664528921523,0.2985766595794945,4.3752675,40.04333357142857,39.40966875,311,2600,301.23,0.046,0.037000000000000005,1032.4336885436376,8631.278425123659
2007-07-31,0.4081765087605451,0.006489292667099286,0.29657110123025726,0.06063995198996154,0.29403519700981157,4.9248574000000005,40.113809857142854,39.2724372,390,2694,301.5,0.047,0.036000000000000004,1293.5323383084578,8935.323383084578
2007-08-31,0.45869837296620775,0.010012515644555695,0.2969230769230769,0.060974358974358975,0.29774087190133103,4.65035725,39.48391256521739,38.8938845,343,2647,301.77,0.046,0.033,1136.6272326606356,8771.581005401466
2007-09-30,0.44838976052848883,0.01486374896779521,0.3037540711959317,0.061167933260956514,0.3009200942001205,5.073214,40.943158315789475,40.2638635,340,2609,302.03,0.047,0.035,1125.715988477966,8638.21474687945
2007-10-31,0.4511517077045274,0.008737092930897538,0.3085366531428889,0.061218251542266434,0.3028189634519658,6.2263572,41.80478256521739,42.0095962,356,2633,302.29,0.047,0.033,1177.677065069966,8710.17896721691
2007-11-30,0.44393241167434716,0.013824884792626729,0.3041101159404363,0.06088246606956426,0.2986715770090754,6.12071425,38.69523785714286,40.2148535,333,2457,302.53,0.047,0.031,1100.7172842362743,8121.508610716294
2007-12-31,0.4331508991399531,0.008600469116497263,0.2994731176703869,0.06246105036541839,0.29576356284093686,6.8462857999999995,40.32299955,41.3019668,332,2375,302.75,0.05,0.035,1096.6143682906688,7844.7563996696945
2008-01-31,0.42905405405405406,0.016891891891891893,0.29923826934795855,0.05783059110298598,0.29865164604249356,5.337589250000001,38.17523790476191,36.898428,377,2647,302.97,0.05,0.037000000000000005,1244.3476251774102,8736.838630887545
2008-02-29,0.4394849785407725,0.013733905579399141,0.29813089520282393,0.05621781146924368,0.29031900138696254,4.41598225,36.42349995,34.254158,319,2458,303.19,0.049,0.040999999999999995,1052.145519311323,8107.127543784426
2008-03-31,0.4404476418864908,0.012789768185451638,0.30031329255557215,0.057615992839027304,0.2944895343870141,4.8444286,36.2584997,33.3058962,354,2685,303.38,0.051,0.04,1166.8534511174105,8850.286769068494
2008-04-30,0.4650602409638554,0.010441767068273093,0.30736631448836044,0.0588010241619824,0.2979878992542564,5.8825895,38.23499995454546,34.760512250000005,366,2688,303.62,0.05,0.034,1205.4541861537448,8853.171727817667
2008-05-31,0.46484698097601324,0.009925558312655087,0.3054769540338301,0.059894359554800984,0.30192140000601375,6.615982,39.45619042857143,35.69371025,369,2793,303.85,0.054000000000000006,0.078,1214.4150074049696,9192.035543853875
2008-06-30,0.4541319181197877,0.008339651250947688,0.3034569153219793,0.05840243393187377,0.298170749054081,6.2392142,36.09619019047619,33.945954,352,2739,304.09,0.055999999999999994,0.055,1157.5520405143216,9007.201815252063
2008-07-31,0.4432565789473684,0.014802631578947368,0.3002026500389712,0.05961028838659392,0.3004678048925837,5.86169625,32.038636363636364,32.5494375,364,2760,304.36,0.057999999999999996,0.044000000000000004,1195.9521619135235,9068.208700223418
2008-08-31,0.4303030303030303,0.008658008658008658,0.3088659793814433,0.058842188739095955,0.2993329290479078,6.1750895,31.08380957142857,32.81673625,360,2658,304.61,0.061,0.038,1181.8390729129048,8725.911821673615
2008-09-30,0.45397489539748953,0.011506276150627616,0.3070531400966184,0.062512077294686,0.2995043370508054,4.8238572,30.39666623809524,31.0047354,365,2745,304.86,0.061,0.047,1197.2708784360034,9004.133044676244
2008-10-31,0.4673144876325088,0.015901060070671377,0.3148359161349134,0.06039369854428397,0.3027964756744924,3.55508925,25.83739143478261,25.48947875,393,2616,305.09,0.065,0.055,1288.1444819561443,8574.518994395097
2008-11-30,0.4536082474226804,0.013120899718837863,0.3037613411043682,0.059935107853151474,0.29556152357850357,3.24758925,27.05157894736842,28.411002,345,2460,305.3,0.068,0.065,1130.036030134294,8057.648214870619
2008-12-31,0.47089487402258906,0.013900955690703735,0.30649342909080074,0.056947879727031615,0.2955741079597438,3.2773572,28.14863640909091,31.3273684,331,2420,305.52,0.073,0.064,1083.3987954962033,7920.921707253208
2009-01-31,0.432073544433095,0.010214504596527068,0.30291009700323346,0.05780385359023935,0.29797381645914023,3.1375,26.2675001,28.70643725,347,2620,305.71,0.078,0.062,1135.0626410650618,8570.21360112525
2009-02-28,0.44023569023569026,0.015151515151515152,0.3005487547488392,0.060257492612916845,0.2925498159664932,3.387411,24.223157894736843,27.8130985,342,2371,305.92,0.083,0.055,1117.939330543933,7750.392259414226
2009-03-31,0.43316831683168316,0.007425742574257425,0.2998914970757139,0.06025881917061423,0.2948035746110956,3.611857,24.50272740909091,27.8928184,375,2662,306.11,0.087,0.059000000000000004,1225.0498186926268,8696.220312959395
2009-04-30,0.43874891398783666,0.011294526498696786,0.30445798223639264,0.06063539057162377,0.29973467545611204,4.411875,25.74571457142857,29.40985425,360,2661,306.32,0.09,0.068,1175.2415774353617,8686.993993209715
2009-05-31,0.44626743232157506,0.016406890894175553,0.2966719317205642,0.05744610098098986,0.2981878088962109,4.55285725,25.0760001,27.55752375,400,2864,306.54,0.094,0.08199999999999999,1304.886801070007,9342.98949566125
2009-06-30,0.4326996197718631,0.009125475285171103,0.30361315324556903,0.05989798535320434,0.29647885406170854,5.0255716,24.540908863636364,28.1366698,353,2893,306.77,0.095,0.067,1150.6992209146918,9430.51797763797
2009-07-31,0.4316057774001699,0.006796941376380629,0.29919841484283527,0.05968356900537392,0.2961823722187087,5.479018,24.66181822727273,28.55403075,339,2902,307.01,0.095,0.06,1104.198560307482,9452.460831894728
2009-08-31,0.42547169811320756,0.010377358490566037,0.29997119815668205,0.060195852534562215,0.29970079787234044,6.013357,25.789999904761906,29.1026956,388,2907,307.27,0.096,0.049,1262.7331011813717,9460.734858593421
2009-09-30,0.43049792531120334,0.01037344398340249,0.301939803329647,0.06103356547209852,0.2985491392711152,6.46830325,26.458095523809522,28.29611175,389,2867,307.52,0.098,0.059000000000000004,1264.9583766909468,9322.970863683662
2009-10-31,0.45472249269717624,0.011684518013631937,0.2936166739225076,0.059346938775510207,0.3010427884741667,6.88357125,26.0186365,27.31601725,404,2714,307.76,0.1,0.054000000000000006,1312.7112035352222,8818.5599168183
2009-11-30,0.4153386454183267,0.012948207171314742,0.29169308814204187,0.05614965555011097,0.29844314706700026,7.090143,26.2965005,28.9713912,333,2499,307.95,0.099,0.059000000000000004,1081.3443740867024,8114.953726254262
2009-12-31,0.4422680412371134,0.004123711340206186,0.29347578254779977,0.06077977916028794,0.3015391353312895,7.230982,27.76681818181818,31.189498750000002,332,2503,308.17,0.099,0.059000000000000004,1077.3274491352176,8122.140377064607
2010-01-31,0.42371134020618556,0.013402061855670102,0.29074367088607594,0.05957887049659202,0.3023821383574087,7.21178575,26.42631594736842,28.6267165,361,2689,308.38,0.098,0.061,1170.6336338283936,8719.761333419807
2010-02-28,0.4307400379506641,0.011385199240986717,0.30193905817174516,0.06107927541348687,0.3046037143604499,7.161875,25.15473694736842,27.1096815,348,2430,308.57,0.098,0.057999999999999996,1127.782998995366,7875.036458502123
2010-03-31,0.4411764705882353,0.012333965844402278,0.3020863709869834,0.06396967206595795,0.305603106875495,8.1047858,25.740434695652173,28.327999,404,2843,308.76,0.099,0.057,1308.45964503174,9207.79893768623
2010-04-30,0.4272970561998216,0.016057091882247992,0.3035131044371863,0.0646591784168459,0.30279241037180993,9.1170535,26.19333323809524,27.576281,385,2851,308.94,0.099,0.064,1246.1966724930408,9228.329125396516
2010-05-31,0.4524025385312783,0.013599274705349048,0.3030891387504347,0.06468065376144662,0.31018441138782105,8.8917144,25.25049975,26.1464694,379,3034,309.12,0.096,0.07,1226.0610766045547,9814.958592132505
2010-06-30,0.41597796143250687,0.010101010101010102,0.30515926424405565,0.06508344798707902,0.3082689490766005,9.296607250000001,24.995909363636365,26.92338675,343,2942,309.32,0.094,0.069,1108.8840036208458,9511.1858269753
2010-07-31,0.42397914856646396,0.007819287576020852,0.3006243175900781,0.06590330076429911,0.31036244353624437,9.1670535,25.10095257142857,27.605,384,3058,309.54,0.094,0.068,1240.5504942818375,9879.175550817343
2010-08-31,0.43120070113935144,0.007887817703768623,0.3057146849238508,0.061422383680312984,0.306862981736262,8.9944288,26.76,29.7980004,424,3021,309.76,0.095,0.069,1368.801652892562,9752.711776859504
2010-09-30,0.449671772428884,0.010940919037199124,0.30612070682639503,0.0618899923171044,0.30527472527472527,9.94303575,28.122381047619047,32.0074995,427,2725,309.99,0.095,0.067,1377.4637891544887,8790.606148585437
2010-10-31,0.46421052631578946,0.011578947368421053,0.30428360413589367,0.06431884733991552,0.3111395005135142,10.86839275,28.487619095238095,32.4575005,421,2806,310.17,0.094,0.066,1357.3201792565367,9046.651836089886
2010-11-30,0.42705005324813633,0.011714589989350373,0.30094907097981555,0.06395208940459321,0.3152794645856482,11.1737856,28.55238095238095,32.738000400000004,379,2609,310.35,0.098,0.066,1221.2018688577411,8406.637667149993
2010-12-31,0.4370044052863436,0.013215859030837005,0.2998626266815272,0.06189896057440576,0.30931515741642324,11.49401775,28.96454518181818,34.974999499999996,339,2698,310.54,0.09300000000000001,0.071,1091.6468087846974,8688.091711212726
2011-01-31,0.4072494669509595,0.007818052594171997,0.2936023196989327,0.05999753223517799,0.30243473159284245,12.0994284,28.53299995,35.6560004,388,2754,310.69,0.091,0.07400000000000001,1248.833242138466,8864.141105281793
2011-02-28,0.4194865810968495,0.011668611435239206,0.2933765985875167,0.05789000081804052,0.3008906673551052,12.639018,28.14631552631579,36.26500025,386,2382,310.83,0.09,0.076,1241.836373580414,7663.352958208668
2011-03-31,0.4511910322279309,0.012610929472209247,0.30212893415049996,0.058914335744896545,0.29764547155851506,12.310357,28.527826173913045,36.8625,408,2979,311.01,0.09,0.07,1311.854924278962,9578.47014565448
2011-04-30,0.45721518987341775,0.012658227848101266,0.3082759660318577,0.06120295462539571,0.2978173190984579,12.172768,30.6445,37.5649995,431,3007,311.18,0.091,0.069,1385.0504531139534,9663.217430426119
2011-05-31,0.44459898006490495,0.011590171534538712,0.307743807185896,0.06090061495734973,0.29718847460782943,12.1659284,31.338571476190477,36.7979996,444,3015,311.35,0.09,0.069,1426.0478561104865,9683.635779669181
2011-06-30,0.44154488517745305,0.010960334029227558,0.30697627358729196,0.06207315222340264,0.30512079141676024,11.7479465,30.723636272727273,36.124999,373,2974,311.56,0.091,0.07200000000000001,1197.201181152908,9545.512902811657
2011-07-31,0.40358056265984654,0.008695652173913044,0.3020527859237537,0.06120436849024168,0.30532493558545665,13.4679465,30.4899999,36.582500749999994,406,3162,311.76,0.09,0.07200000000000001,1302.2838080574802,10142.417244033872
2011-08-31,0.4348993288590604,0.0071588366890380315,0.3062033738826534,0.06216954924276369,0.3060616308069493,13.3162144,28.80608704347826,35.0759992,385,3108,312,0.09,0.07200000000000001,1233.9743589743591,9961.538461538461
2011-09-30,0.4410377358490566,0.013561320754716982,0.3063573623495038,0.0629187446476248,0.3039691843912242,13.960714249999999,28.27476180952381,36.16000075,436,2885,312.21,0.09,0.068,1396.4959482399668,9240.575253835561
2011-10-31,0.45276381909547736,0.012060301507537688,0.30539339953950273,0.05930646324162151,0.30165298351418574,14.2132858,28.896666380952382,37.1419998,407,2892,312.4,0.08800000000000001,0.068,1302.8169014084508,9257.362355953905
2011-11-30,0.47305389221556887,0.00998003992015968,0.2998404729507812,0.059799183596865764,0.2931065115039531,13.50741075,28.744285904761906,36.794998750000005,378,2754,312.59,0.086,0.069,1209.251735500176,8810.262644358427
2011-12-31,0.460841768779968,0.012253596164091636,0.30441524524606217,0.06077588552151913,0.2962298485275649,14.13366075,29.285714523809524,39.3274995,377,2701,312.79,0.085,0.078,1205.2814987691422,8635.18654688449
2012-01-31,0.44790547798066593,0.009129967776584319,0.30545557602380613,0.06008218789854046,0.2986111111111111,15.496214199999999,30.003,38.254000000000005,447,2855,312.93,0.083,0.08,1428.434474163551,9123.446138113955
2012-02-29,0.4615067929188967,0.011527377521613832,0.30994861547245217,0.06032924160243601,0.29327276371167077,18.42080375,30.1055003,38.23999875,373,2709,313.11,0.083,0.08,1191.274631918495,8651.911468812878
2012-03-31,0.4747313967369678,0.011539992041384799,0.3067091122334187,0.060582124563167215,0.2904316289065998,20.770893,31.35318177272727,39.079999,393,2996,313.28,0.08199999999999999,0.085,1254.4688457609807,9563.32992849847
2012-04-30,0.47013920071845533,0.011680143755615454,0.3053626749278923,0.0595571936009401,0.2924194031340453,21.2867142,31.1965,38.8279992,435,2983,313.45,0.08199999999999999,0.087,1387.7811453182328,9516.669325251236
2012-05-31,0.46068548387096775,0.011088709677419355,0.3064999423763974,0.06269447965886828,0.29963265085624763,19.82473175,33.38500009090909,41.29249975,425,3275,313.63,0.08199999999999999,0.08800000000000001,1355.0999585498837,10442.240857060868
2012-06-30,0.4374693477194703,0.006866110838646395,0.304925959504382,0.06406769416742218,0.2928307922503418,20.71919625,34.962381,43.5949995,393,3072,313.83,0.08199999999999999,0.091,1252.270337443839,9788.739126278559
2012-07-31,0.42296918767507,0.013071895424836602,0.3026249435995435,0.06064868882046926,0.29929586225771937,21.5429286,35.819047285714284,44.696,387,3244,314.05,0.08199999999999999,0.08199999999999999,1232.287852252826,10329.565355835059
2012-08-31,0.4336810730253353,0.008445106805762544,0.308560331706293,0.06048916181178817,0.2996465732433702,23.19883925,37.10086952173913,43.692499,425,3112,314.28,0.081,0.079,1352.2973144966272,9901.998218149422
2012-09-30,0.42980096826250674,0.008068854222700376,0.30505114354671875,0.06071141248132399,0.29684711481261156,24.45455425,37.672105263157896,44.86499975,424,2960,314.5,0.078,0.08199999999999999,1348.1717011128776,9411.764705882353
2012-10-31,0.45902415916627193,0.010895310279488394,0.30664814863342155,0.06131914782107387,0.29873610701288483,21.9495716,36.1857140952381,45.215999599999996,401,2922,314.7,0.078,0.08800000000000001,1274.2294248490628,9285.033365109628
2012-11-30,0.4524291497975709,0.006578947368421052,0.3054248546913922,0.062441184611126486,0.29868643516712184,19.9242855,33.960476047619046,42.979999500000005,384,2748,314.87,0.077,0.09699999999999999,1219.5509257788929,8727.411312605202
2012-12-31,0.4715353651523864,0.010350776308223116,0.29833155207220047,0.06222538890868068,0.2998098753005648,18.5639998,33.92949995,43.878,377,2787,315.04,0.079,0.12,1196.67343829355,8846.495683087862
2013-01-31,0.41492368569813454,0.014132278123233465,0.28250470635434993,0.05832973273254737,0.2956402073024332,17.08750025,34.22809504761905,43.26749975,405,3112,315.16,0.08,0.063,1285.0615560350298,9874.34953674324
2013-02-28,0.4364508393285372,0.011590727418065548,0.2843527984751343,0.057182464044359727,0.2956898964455639,16.218035999999998,35.4552627368421,45.21750075,361,2648,315.3,0.077,0.057999999999999996,1144.9413257215351,8398.350777037742
2013-03-31,0.4402539208364451,0.008961911874533234,0.30038541641730304,0.0586770726101841,0.29199873924985364,15.89241075,36.44549975,48.53750025,456,3109,315.46,0.075,0.059000000000000004,1445.508146833196,9855.449185316682
2013-04-30,0.45113070141816786,0.014564967420467612,0.3003276572506578,0.05880454748547883,0.2969220357967937,15.0765002,37.82999981818182,51.7960006,453,3067,315.61,0.076,0.064,1435.315737777637,9717.689553562941
2013-05-31,0.4412017167381974,0.011587982832618025,0.2999106626727626,0.060461938670940955,0.29956132741827557,15.902767999999998,36.95545495454545,51.527499,437,3093,315.81,0.075,0.067,1383.7433900129824,9793.863398879072
2013-06-30,0.4481086323957323,0.009699321047526674,0.29885698355171453,0.060998048508502926,0.3037994722955145,15.01687525,35.4344997,50.2925005,372,3097,315.99,0.075,0.068,1177.252444697617,9800.9430678186
2013-07-31,0.4345415778251599,0.010660980810234541,0.29779251585418987,0.06048943431849539,0.3002017238217495,15.5172142,35.63136368181818,50.586,398,3239,316.2,0.073,0.066,1258.697027197976,10243.516761543327
2013-08-31,0.4268605645851155,0.008126603934987169,0.3027227042028152,0.060106010601060106,0.3018600363971544,17.36625,34.50363645454546,48.00500025,422,3152,316.43,0.07200000000000001,0.067,1333.6282906171982,9961.128843662105
2013-09-30,0.43884892086330934,0.011990407673860911,0.2992680720414485,0.061103648674579895,0.301523053371734,17.1165,34.09300045,47.195999,408,3032,316.66,0.07200000000000001,0.068,1288.4481778563759,9574.938419756205
2013-10-31,0.4603643525356967,0.009847365829640572,0.2875620655412115,0.05973187686196624,0.30207914468860136,18.2829465,34.579565217391306,49.57499975,429,3033,316.88,0.07200000000000001,0.062,1353.8247917192627,9571.446604392831
2013-11-30,0.4491931966855648,0.013083296990841693,0.28679197678819224,0.05770152642866154,0.2964404230429489,18.94125025,35.44449965,50.087500500000004,348,2818,317.06,0.069,0.061,1097.5840534914528,8887.907651548601
2013-12-31,0.4552656104380242,0.008853681267474371,0.28725974162377904,0.05971168237796392,0.3004254472171771,19.746714,34.531904714285716,48.5979996,381,2784,317.24,0.067,0.064,1200.9834825368805,8775.690329088387
2014-01-31,0.41004450095359185,0.008900190718372537,0.28470141071559096,0.05624588845844602,0.2834285714285714,18.9310715,33.83857128571429,47.93749975,405,2906,317.41,0.066,0.071,1275.952238429791,9155.35112315302
2014-02-28,0.4462311557788945,0.010050251256281407,0.2834468396465357,0.05293521697529127,0.28692354936046355,18.88535675,32.536842210526316,47.04250025,376,2710,317.56,0.067,0.071,1184.028215140446,8533.820380400553
2014-03-31,0.44265232974910396,0.010752688172043012,0.28509455703924624,0.05244131137169841,0.2738622805522414,18.9762856,33.290000047619046,47.1200006,433,2972,317.73,0.067,0.07200000000000001,1362.7923079344096,9353.853901111006
2014-04-30,0.43651925820256776,0.011412268188302425,0.2863788263601123,0.05734680782803978,0.28459099556119216,19.723839249999997,35.39428580952381,46.932499,435,3167,317.91,0.062,0.07200000000000001,1368.3117863546286,9961.938913528986
2014-05-31,0.4594059405940594,0.008415841584158416,0.29399712628385927,0.0594433505401522,0.2947086064225523,21.698036000000002,35.84476214285714,49.31250025,365,3218,318.11,0.063,0.07400000000000001,1147.4018421300807,10115.997610889315
2014-06-30,0.42778793418647165,0.011882998171846435,0.29055029259716064,0.0594657009394846,0.28729570387323067,23.021214399999998,35.159523523809526,49.4039992,373,3175,318.3,0.061,0.075,1171.8504555450834,9974.866478165251
2014-07-31,0.4181994191674734,0.01452081316553727,0.2891655043553778,0.05697518355746204,0.2894954094013459,23.96562475,35.88363654545454,50.54500025,399,3128,318.54,0.062,0.075,1252.589941608589,9819.80285050543
2014-08-31,0.43752924660739356,0.009358914365933552,0.288756822935265,0.055017089221037596,0.28902042598612393,24.783749999999998,34.71000004761905,48.98999975,469,3550,318.77,0.061,0.073,1471.2802333971201,11136.55613765411
2014-09-30,0.45015739769150054,0.013641133263378805,0.2996055333405382,0.056846428185453365,0.290435588985343,25.0980004,35.042857285714284,49.6339996,475,3553,319.01,0.059000000000000004,0.075,1488.9815366289458,11137.581893984516
2014-10-31,0.45326850351161535,0.006482982171799027,0.2841096706092511,0.05551194954935448,0.29260350441928984,25.72625025,34.458261173913044,49.00749975,470,3315,319.22,0.057,0.073,1472.338825888102,10384.687676210764
2014-11-30,0.4358836206896552,0.00646551724137931,0.285016630589726,0.05327068264611161,0.29183802195029646,28.66187525,35.202105315789474,50.79,473,2999,319.41,0.057999999999999996,0.07400000000000001,1480.8553270091732,9389.186312263235
2014-12-31,0.461046511627907,0.00813953488372093,0.2861267967145791,0.05470529726954792,0.28428175195830413,27.9915,33.510454318181814,47.2060006,408,2978,319.59,0.055999999999999994,0.077,1276.6356894771427,9318.188929566008
2015-01-31,0.45673299398426653,0.01018047200370199,0.2864776229114246,0.051709027169149865,0.2767771501651924,28.008750499999998,33.4059999,46.90250025,465,3146,319.73,0.057,0.081,1454.3521095924684,9839.552122103025
2015-02-28,0.4508990318118949,0.00875979714153988,0.278496045777214,0.05006882776863073,0.27199245244530573,31.4981255,34.38999989473684,49.26500125,387,2823,319.89,0.055,0.08199999999999999,1209.7908656100535,8824.908562318298
2015-03-31,0.45481171548117155,0.008786610878661089,0.28840963614554177,0.05357856857257097,0.2796538225722775,31.232999799999998,33.24136359090909,48.9440008,470,3460,320.06,0.054000000000000006,0.077,1468.4746610010625,10810.473036305693
2015-04-30,0.47365728900255755,0.006649616368286445,0.28832816880625645,0.05695735576213664,0.27686941964285716,31.94249975,33.299047571428574,49.6400005,496,3228,320.24,0.054000000000000006,0.076,1548.8383712215839,10079.940044966275
2015-05-31,0.4750530785562633,0.01167728237791932,0.29721247923204724,0.05691957418005046,0.2856104228465073,32.450625,34.26099995,49.745,519,3444,320.43,0.055999999999999994,0.075,1619.6985301001778,10748.057298005804
2015-06-30,0.4515377446411929,0.011649580615097856,0.29503962430290576,0.056677428823011446,0.280925557764524,31.7804998,35.051818090909094,47.3519998,410,3369,320.64,0.053,0.07400000000000001,1278.6926147704592,10507.110778443113
2015-07-31,0.4436416184971098,0.011078998073217727,0.2914503685433218,0.05509665576779671,0.284492326015754,31.16875,34.82954572727273,46.8550005,465,3479,320.86,0.052000000000000005,0.073,1449.2301938540172,10842.735149286293
2015-08-31,0.4369230769230769,0.0061570035915854285,0.2914146114471847,0.05461842717543043,0.29115979523311497,27.9899998,33.83952395238095,46.1680002,460,3447,321.08,0.051,0.073,1432.6647564469915,10735.642207549521
2015-09-30,0.4423558897243108,0.009398496240601503,0.3010690056876585,0.059549098883026105,0.2864661165616269,28.2968745,32.56333357142857,44.34000025,432,3143,321.31,0.05,0.07400000000000001,1344.4959696243504,9781.830630854938
2015-10-31,0.4701810436634718,0.01703940362087327,0.2965515192918882,0.05738557043989664,0.2885637923758616,28.85875025,33.395908954545455,45.4750005,476,3205,321.5,0.05,0.075,1480.5598755832036,9968.895800933125
2015-11-30,0.49749498997995995,0.013026052104208416,0.29673174984808054,0.055166583000871884,0.28686158865604217,29.4769996,33.27149985,45.2679994,434,2920,321.71,0.051,0.07200000000000001,1349.0410618258682,9076.497466662524
2015-12-31,0.4892230576441103,0.007518796992481203,0.29467658511071076,0.05329226477596327,0.28644016589304844,27.03125025,34.05863595454545,45.82750025,472,2991,321.86,0.05,0.073,1466.4761076244329,9292.860249798048
2016-01-31,0.46686567164179105,0.00835820895522388,0.29191780821917807,0.05459091064762492,0.2808279078806724,24.5531245,34.499474,46.567501,490,3210,322.04,0.048,0.076,1521.5501179977641,9967.705875046579
2016-02-29,0.46916400182731843,0.0109639104613979,0.2941510505394662,0.05425894378194208,0.2743798118049615,24.1985,36.7120005,50.9540008,458,2973,322.2,0.049,0.07200000000000001,1421.4773432650527,9227.188081936685
2016-03-31,0.474025974025974,0.009523809523809525,0.29757162346521143,0.05257844474761255,0.2696098562628337,26.490000000000002,38.50863645454545,53.335,486,3425,322.37,0.05,0.075,1507.5844526475787,10624.43775785588
2016-04-30,0.48696985181400104,0.0061318344404701075,0.29325916793302176,0.05840692739993118,0.28268129123340485,26.120625,38.58285685714286,51.254999,487,3319,322.55,0.051,0.071,1509.843435126337,10289.877538366145
2016-05-31,0.4866581956797967,0.00847098686997035,0.300551211383156,0.059120625560825535,0.29050117254551167,23.8364998,38.89619095238095,50.651998999999996,497,3348,322.73,0.048,0.069,1539.98698602547,10373.996839463327
2016-06-30,0.47368421052631576,0.011789473684210527,0.29261939943399534,0.05662551028074833,0.2855589438101317,23.965625,40.664545636363634,54.27749925,417,3306,322.94,0.049,0.065,1291.2615346503994,10237.195763918993
2016-07-31,0.45563459378509924,0.00636465743167353,0.29535295213261314,0.056574781151052335,0.2839795717072529,24.895625250000002,42.795499650000004,55.8125,445,3581,323.14,0.048,0.067,1377.1120876400323,11081.88401312125
2016-08-31,0.45327646374563785,0.007367196587824738,0.2954310523051478,0.05595883488008821,0.27960183900069396,26.9845006,42.086956478260866,52.9380006,519,3518,323.35,0.049,0.066,1605.071903510128,10879.851554043606
2016-09-30,0.469120654396728,0.007361963190184049,0.3005698366468279,0.05668118731638132,0.2817076079179585,27.738125,40.68095219047619,52.0600005,455,3260,323.56,0.05,0.066,1406.2306836444554,10075.411052045987
2016-10-31,0.49528857479387517,0.011778563015312132,0.29359270311356345,0.05540228590732504,0.29351389112794884,28.5424994,38.466667,48.7379998,519,3318,323.74,0.049,0.068,1603.1383208747761,10248.965219002903
2016-11-30,0.5057577153385536,0.009672961768770152,0.3021948866377231,0.05566811384466956,0.293857437542975,27.51124975,37.48952414285714,48.809999500000004,481,2970,323.91,0.047,0.067,1484.9803957889535,9169.213670464018
2016-12-31,0.49,0.01,0.2956403269754768,0.058058656213399625,0.2907943140015441,28.8912495,41.248571523809524,52.705000749999996,459,2932,324.08,0.047,0.064,1416.316958775611,9047.148852135277
2017-01-31,0.48085339168490154,0.01477024070021882,0.2921025016079347,0.05233404420974239,0.26951032899770466,30.399,41.54099995,51.3419996,485,3217,324.21,0.047,0.067,1495.9439869220569,9922.581043151045
2017-02-28,0.5119774542038515,0.012682010333489901,0.30108790645812616,0.053913148298827714,0.27177729950158586,34.0175,41.42421084210526,49.71499925,419,2954,324.34,0.046,0.07,1291.854227045693,9107.726459887774
2017-03-31,0.507606490872211,0.016227180527383367,0.30168556543058533,0.05418492751846517,0.2734524015952835,35.214375499999996,41.974347826086955,49.54249925,533,3330,324.48,0.044000000000000004,0.07,1642.628205128205,10262.57396449704
2017-04-30,0.5095846645367412,0.012779552715654952,0.3107803042695894,0.0551938491738917,0.27932065468668127,35.64437475,40.448420842105264,47.60999975,557,3409,324.64,0.045,0.071,1715.7466732380485,10500.86249383933
2017-05-31,0.5160462130937099,0.013692768506632435,0.306196165601556,0.06126872099808275,0.28353380123672606,38.3590004,38.35272745454545,45.9419992,564,3685,324.8,0.044000000000000004,0.076,1736.4532019704434,11345.443349753694
2017-06-30,0.46916790490341753,0.014858841010401188,0.30833089882169634,0.0635407537248028,0.2880252244842004,36.34687525,38.47772727272727,45.85000025,518,3556,324.99,0.043,0.07400000000000001,1593.8951967752853,10941.875134619526
2017-07-31,0.47480451781059946,0.011728931364031277,0.2984895388556789,0.05790990606319385,0.2812892844571831,37.4689994,37.1295,45.623999999999995,511,3662,325.16,0.043,0.075,1571.534014023865,11262.147865666133
2017-08-31,0.4901263823064771,0.011848341232227487,0.3090587436991082,0.05772586273749515,0.28418120376290074,39.930625,38.057390956521736,48.0874995,563,3706,325.34,0.044000000000000004,0.076,1730.49732587447,11391.160017212762
2017-09-30,0.50734249171009,0.014211274277593557,0.3170098052909462,0.05785401011257927,0.2804421230347156,39.03250025,37.4994996,48.3400015,507,3514,325.51,0.042,0.073,1557.5558354582042,10795.36726982274
2017-10-31,0.5195043597980725,0.01330885727397889,0.3128732676096585,0.05506500928704101,0.2792543175337602,40.2045006,36.38727286363636,48.4979996,564,3502,325.66,0.040999999999999995,0.07400000000000001,1731.867591967082,10753.546643738868
2017-11-30,0.5370114942528735,0.012413793103448275,0.3037018312549152,0.05440399955061229,0.27410858458850623,43.177499749999996,34.2833330952381,47.13999925,513,3207,325.8,0.042,0.07,1574.585635359116,9843.462246777162
2017-12-31,0.5021418372203712,0.009995240361732508,0.3036004710896753,0.052689136896416355,0.2766611053732687,42.97374925,37.86200005,52.46999925,507,3119,325.93,0.040999999999999995,0.066,1555.5487374589636,9569.539471665696
2018-01-31,0.513312693498452,0.0173374613003096,0.30013478561801027,0.050999963571454594,0.27296813708622947,43.128,37.404762,52.7900004,575,3388,326.03,0.04,0.075,1763.6413826948442,10391.68174707849
2018-02-28,0.5034423407917383,0.012048192771084338,0.2927072664723338,0.05349405183959663,0.2734765605663086,42.53437525,36.82421042105263,49.1450005,524,3069,326.14,0.040999999999999995,0.078,1606.6719813576992,9410.069295394616
2018-03-31,0.5135029354207437,0.010176125244618396,0.30489153327716934,0.055233782645324345,0.2686368345749667,43.17000025,36.3142859047619,47.92,526,3482,326.26,0.04,0.078,1612.2111199656717,10672.469809354503
2018-04-30,0.5217196596506941,0.012987012987012988,0.3056076462403968,0.05519932248502813,0.2736159120530402,42.7490004,34.96571395238095,48.5600002,493,3423,326.39,0.04,0.077,1510.4629431048745,10487.453659732222
2018-05-31,0.5350467289719626,0.01074766355140187,0.31262493257607005,0.058888853634546434,0.2804254813406228,47.10749975,32.20045463636364,48.1725005,564,3624,326.53,0.038,0.077,1727.2532385998225,11098.520809726519
2018-06-30,0.5016486104569006,0.01413094677343382,0.30984785451087604,0.05714370616902413,0.276366177498253,46.9106245,32.57857166666667,49.3275,496,3880,326.69,0.04,0.079,1518.2588998744989,11876.702684502128
2018-07-31,0.5107913669064749,0.010071942446043165,0.3118023008095441,0.057578684240427225,0.2813773868268612,48.4855002,31.747142714285715,51.5579994,515,3839,326.85,0.038,0.079,1575.6463209423282,11745.448982713782
2018-08-31,0.527117031398668,0.014747859181731684,0.3106764610437502,0.055639142106971115,0.27911886441290035,54.306250500000004,32.462174304347826,54.1025,509,3790,327.01,0.038,0.078,1556.527323323446,11589.85963731996
2018-09-30,0.5397273154677951,0.018805829807240243,0.32055450461101914,0.05512532513596595,0.27863062461760946,55.5337505,33.15210452631579,54.089999,514,3620,327.17,0.037000000000000005,0.079,1571.0486902833388,11064.584161139468
2018-10-31,0.5644965628790942,0.013748483623129802,0.3201327958264169,0.05359401349072512,0.2768515311927967,54.4744994,32.28260843478261,55.142,543,3581,327.31,0.038,0.076,1658.977727536586,10940.69842045767
2018-11-30,0.5567010309278351,0.01703272075302555,0.3131910297586903,0.055824000909556026,0.2749311736562158,46.8043745,30.44285742857143,59.402499000000006,484,3164,327.43,0.038,0.07400000000000001,1478.178541978438,9663.13410499954
2018-12-31,0.5781328007988018,0.01797304043934099,0.32306089027839807,0.05481613815691529,0.2829684997330486,39.4594994,29.473157894736843,56.2620002,467,3242,327.54,0.039,0.091,1425.7800573975696,9898.02772180497
2019-01-31,0.525500322788896,0.007746933505487412,0.3214988413274452,0.05492150946696401,0.26758140487405285,39.586875,30.47190476190476,56.51500025,503,3330,327.64,0.04,0.085,1535.221584666097,10163.594188743744
2019-02-28,0.5563835072031793,0.010432190760059613,0.3125412852694159,0.05464498065246799,0.2728375699109283,43.04812525,30.28473652631579,55.747499500000004,429,3130,327.73,0.038,0.086,1309.0043633478779,9550.544655661673
2019-03-31,0.5638148667601683,0.013557737260402058,0.3138083973979894,0.05347214006861469,0.2745708960413943,46.251875,30.598571285714286,58.45249925,537,3619,327.84,0.038,0.08,1637.9941434846269,11038.92142508541
2019-04-30,0.5617620345140781,0.009082652134423252,0.3216265628686011,0.05429076968445886,0.27382996399889226,50.789,31.727618952380954,57.9380014,513,3509,327.96,0.037000000000000005,0.075,1564.2151481888036,10699.475545798268
2019-05-31,0.5737051792828686,0.011066843736166445,0.328860548932631,0.055976045912002,0.2785764604586845,46.26375,31.287727272727274,57.1674995,495,3552,328.1,0.037000000000000005,0.073,1508.686376104846,10825.967692776592
2019-06-30,0.5697485806974858,0.00932684509326845,0.33167102681491173,0.05903033276101709,0.2787312289304321,48.724374749999996,32.2994999,57.6050005,495,3554,328.24,0.036000000000000004,0.071,1508.0428954423592,10827.443334145746
2019-07-31,0.5689368770764119,0.00872093023255814,0.32725770778372903,0.056172888853358915,0.2752291280613011,51.0940002,33.57409109090909,56.9520004,492,3699,328.41,0.036000000000000004,0.07,1498.12734082397,11263.35982460948
2019-08-31,0.556475170399221,0.011197663096397274,0.3264885782049682,0.053832230682811136,0.2738657359885034,51.1793755,34.65318195454545,56.62749975,463,3713,328.58,0.037000000000000005,0.073,1409.0936758171526,11300.139996347922
2019-09-30,0.5777777777777777,0.016798418972332016,0.32954917228292874,0.056108093960609826,0.27549173033845775,54.7784998,37.19700045,59.9020004,524,3584,328.74,0.035,0.073,1593.9648354322565,10902.232767536654
2019-10-31,0.5941365093907467,0.010077874484654145,0.3269447894320876,0.05608716515651904,0.2836213772932731,60.938751249999996,37.69260913043478,60.42999925,553,3488,328.89,0.036000000000000004,0.07200000000000001,1681.413238468789,10605.369576454133
2019-11-30,0.5914357682619648,0.012594458438287154,0.3279702227291829,0.05490184306898001,0.28366242669764014,65.9331265,38.55349975,59.7124995,473,3119,329.02,0.036000000000000004,0.075,1437.602577350921,9479.666889550788
2019-12-31,0.6115384615384616,0.014835164835164835,0.33119180953035354,0.056068986841653214,0.282406958321208,70.6264984,38.50952385714286,61.2000002,477,3223,329.14,0.036000000000000004,0.07200000000000001,1449.2313301330742,9792.18569605639
