month_end,ment_health_no_good_18_24,genhlth_no_good_18_24,divorced_widowed_separated_18_24,ment_health_no_good_25on,genhlth_no_good_25on,divorced_widowed_separated_25on,ment_health_no_good,genhlth_no_good,divorced_widowed_separated,avg_close_apple_stock,avg_close_atandt_stock,avg_close_facebook_stock,avg_close_tmobile_stock,avg_close_twitter_stock,avg_close_verizon_stock,gdp_quart,gdp_fill,x0_24_suicides,x25on_suicides,all_social_media_usage,x18_29_social_media_usage,x30_49_social_media_usage,x50_64_social_media_usage,x65_social_media_usage,population_num_million,broadband_usage_per,unemp_per,psavert,personal_save_rate
1999-01-31,0.4595701125895599,0.00511770726714432,0.03991811668372569,0.2950152594099695,0.04984740590030519,0.28646998982706,0.3089820359281437,0.04578535237217872,0.263841547673883,0.37109400000000003,55.141447368421055,0,0,0,51.35976025,0,12403.293,384,2111,0,0,0,0,0,277.74,0,0.043,6.3,0.063
1999-02-28,0.44734625105307496,0.010951979780960405,0.038753159224936815,0.3018696977184746,0.044806852812783134,0.2821843340746232,0.31425582785415423,0.04184100418410042,0.2601613867304244,0.325893,52.01973684210526,0,0,0,51.949940749999996,0,12403.293,294,1997,0,0,0,0,0,277.94,0,0.044000000000000004,6.2,0.062
1999-03-31,0.46353730092204526,0.009220452640402346,0.039396479463537304,0.3012327293786713,0.045999834532969304,0.2911392405063291,0.31521413596885295,0.042602575621443546,0.2687181790955376,0.3021206,50.57608695652174,0,0,0,47.9788688,12403.293,12403.293,368,2095,0,0,0,0,0,278.2,0,0.042,5.9,0.059000000000000004
1999-04-30,0.4702526487367563,0.008149959250203748,0.03015484922575387,0.31077463610506945,0.04835201606156935,0.29186883051698176,0.32493778749717217,0.04479300203604555,0.26823014855591587,0.35128325,53.464285714285715,0,0,0,51.93589,0,12498.694,342,2128,0,0,0,0,0,278.46,0,0.043,5.1,0.051
1999-05-31,0.44609053497942386,0.0049382716049382715,0.03374485596707819,0.30833620987228166,0.0489299275112185,0.28210217466344495,0.3210673720242726,0.04473315699393185,0.2587521394118562,0.404241,52.4125,0,0,0,50.283385,0,12498.694,349,2191,0,0,0,0,0,278.75,0,0.042,4.9,0.049
1999-06-30,0.4470787468247248,0.01100762066045724,0.04064352243861134,0.3103448275862069,0.04586622351474865,0.2896551724137931,0.3218235161363123,0.04287971112615662,0.268186263446927,0.4063895,54.07670454545455,0,0,0,54.09988425,12498.694,12498.694,306,2123,0,0,0,0,0,279.04,0,0.043,4.8,0.048
1999-07-31,0.45859375,0.00546875,0.03359375,0.30126282557221784,0.0489344909234412,0.2941594317284925,0.3147910426472686,0.044929396662387676,0.2705034945086293,0.4859095,56.86607142857143,0,0,0,58.07657825,0,12662.385,314,2235,0,0,0,0,0,279.35,0,0.043,4.8,0.048
1999-08-31,0.4426229508196721,0.00702576112412178,0.04215456674473068,0.295654296875,0.046956380208333336,0.2890625,0.3091642228739003,0.04310850439882698,0.2656158357771261,0.5564732,54.31534090909091,0,0,0,56.938372,0,12662.385,321,2266,0,0,0,0,0,279.65,0,0.042,4.7,0.047
1999-09-30,0.4262008733624454,0.00611353711790393,0.028820960698689956,0.30415973377703825,0.050249584026622295,0.29126455906821963,0.3142857142857143,0.04640967498110355,0.26848072562358277,0.62730175,49.038690476190474,0,0,0,57.950109499999996,12662.385,12662.385,299,1948,0,0,0,0,0,279.95,0,0.042,4.2,0.042
1999-10-31,0.456661316211878,0.009630818619582664,0.03691813804173355,0.3016367887763055,0.04653156664068589,0.2905689789555729,0.3146393210749646,0.043422913719943425,0.26845827439886844,0.6566685,49.44345238095238,0,0,0,58.17494125,0,12877.593,338,2099,0,0,0,0,0,280.22,0,0.040999999999999995,4.5,0.045
1999-11-30,0.47360248447204967,0.0038819875776397515,0.04192546583850932,0.3067992047713718,0.04930417495029821,0.2947117296222664,0.3210858043260278,0.044907606360120325,0.27109296662369287,0.8597098,51.317708333333336,0,0,0,57.3543082,0,12877.593,331,2090,0,0,0,0,0,280.47,0,0.040999999999999995,4.8,0.048
1999-12-31,0.4299772899318698,0.012112036336109008,0.029523088569265707,0.29377632938558146,0.04626023368571656,0.2961608775137112,0.3059605488850772,0.042810177244139505,0.27101200686106347,0.913644,51.47727272727273,0,0,0,57.036735500000006,12877.593,12877.593,254,1981,0,0,0,0,0,280.73,0,0.04,4.3,0.043
2000-01-31,0.42072630646589904,0.0044286979627989375,0.02745792736935341,0.2980412460091466,0.04599188886012598,0.2838898955906463,0.308835027365129,0.04237685691946833,0.2614542611415168,0.930134,42.31875,0,0,0,52.408033,0,12924.179,359,2226,0,0,0,0,0,280.94,0,0.04,5.4,0.054000000000000006
2000-02-29,0.48632668144863267,0.010347376201034738,0.03399852180339985,0.31611363461390407,0.04426822696127492,0.2764647009007622,0.3317847732630703,0.04111773679101373,0.2537096103175704,1.0231585,39.740625,0,0,0,47.38306825,0,12924.179,347,1990,0,0,0,0,0,281.16,0,0.040999999999999995,4.8,0.048
2000-03-31,0.45948072383949645,0.011014948859166011,0.044059795436664044,0.30658189977561706,0.04652206432311144,0.28915482423335825,0.31964431170241653,0.04330708661417323,0.26798805321748576,1.172433,43.203804347826086,0,0,0,53.312977,12924.179,12924.179,340,2178,0,0,0,0,0,281.42,0.01,0.04,4.5,0.045
2000-04-30,0.44925479063165363,0.007097232079488999,0.031227821149751596,0.3075534373194685,0.048743500866551125,0.2895725014442519,0.32004948883245427,0.04460506609363808,0.2654164224783486,1.086077,44.469572368421055,0,0,0,55.3083495,0,13160.842,326,2154,0,0,0,0,0,281.64,0.01,0.038,5,0.05
2000-05-31,0.44996501049685095,0.006997900629811057,0.030090972708187544,0.3052455357142857,0.04582868303571429,0.29331752232142855,0.31764038570618264,0.04209995588327976,0.2693640889897271,0.8815850000000001,43.53267045454545,0,0,0,47.641623,0,13160.842,349,2273,0,0,0,0,0,281.89,0.01,0.04,4.9,0.049
2000-06-30,0.46601941747572817,0.005227781926811053,0.03286034353995519,0.30674615152429824,0.049652882583760945,0.2911258677935406,0.32011987467647457,0.04556599918267266,0.2674703718839395,0.881836,46.80894886363637,0,0,0,48.8304155,13160.842,13160.842,327,2115,0,0,0,0,0,282.16,0.01,0.04,4.9,0.049
2000-07-31,0.4562043795620438,0.00291970802919708,0.0364963503649635,0.3084422946111405,0.04701080795102411,0.29022749603204595,0.32143830019068376,0.04283573958049578,0.266412421683465,0.933482,44.0296875,0,0,0,44.39282,0,13178.419,300,2177,0,0,0,0,0,282.42,0.01,0.04,5.2,0.052000000000000005
2000-08-31,0.46408839779005523,0.0055248618784530384,0.030781373322809787,0.31089049787265804,0.047995819959692466,0.28849742479659624,0.3236649498509081,0.044320954188126864,0.26619680130116563,0.9729355000000001,41.88111413043478,0,0,0,38.474152000000004,0,13178.419,341,2212,0,0,0,0,0,282.69,0.01,0.040999999999999995,5.2,0.052000000000000005
2000-09-30,0.4481865284974093,0.012953367875647668,0.039723661485319514,0.31866555966488036,0.05109819609027096,0.2949656577854932,0.3282231890062841,0.04806297907603066,0.27491195359436504,0.857352,45.8,0,0,0,40.62409475,13178.419,13178.419,313,2021,0,0,0,0,0,282.96,0.01,0.039,4.5,0.045
2000-10-31,0.45318352059925093,0.010611735330836454,0.03495630461922597,0.31875726255274905,0.049966362913583265,0.29068558497951197,0.3300470783716422,0.046358349487676545,0.26790362780393245,0.3734372,52.69034090909091,0,0,0,45.93291,0,13260.506,366,2109,0,0,0,0,0,283.2,0.01,0.039,4.6,0.046
2000-11-30,0.477909147479776,0.009334163036714374,0.03546981953951462,0.31690185811889404,0.04808122086712215,0.283698358980908,0.3311647187517992,0.04456215095860441,0.2608094881685762,0.33007825,56.770833333333336,0,0,0,48.8163625,0,13260.506,324,1948,0,0,0,0,0,283.44,0.01,0.039,4.5,0.045
2000-12-31,0.46344647519582244,0.00587467362924282,0.030678851174934726,0.31585694141776693,0.0434559671836944,0.2825278810408922,0.3279629093016517,0.03993045494059693,0.25998261373514925,0.26339275,50.3875,0,0,0,47.1582365,13260.506,13260.506,296,1921,0,0,0,0,0,283.65,0.01,0.039,4.2,0.042
2001-01-31,0.45709946848899013,0.00683371298405467,0.030372057706909643,0.30351644790147464,0.052665694376924324,0.29103872954140336,0.317519042437432,0.04802321363801233,0.26623141095393543,0.3330358,49.77595228571428,0,0,0,48.4397722,0,13222.69,309,2188,0,0,0,0,0,283.84,0.01,0.042,4.8,0.048
2001-02-28,0.46421536441234407,0.009192383453709783,0.0334865397242285,0.3063846610001977,0.05185478025960335,0.28707913289846476,0.31983901515151514,0.04799952651515151,0.26390861742424243,0.340123,48.667895,0,0,0,45.78452125,0,13222.69,308,2012,0,0,0,0,0,284.05,0.01,0.042,4.9,0.049
2001-03-31,0.4608540925266904,0.004744958481613286,0.03914590747330961,0.3062383979299094,0.0516960117005119,0.2945378860325139,0.31891204880528723,0.04748347737671581,0.272089476359939,0.3792185,43.48681818181818,0,0,0,43.0146065,13222.69,13222.69,336,2202,0,0,0,0,0,284.27,0.06,0.043,5.3,0.053
2001-04-30,0.4676470588235294,0.007058823529411765,0.03058823529411765,0.31967783057132926,0.05012168269787924,0.2879244408390312,0.33159377935497336,0.04597641164805344,0.26489927982465294,0.4285714,41.9689999,0,0,0,47.8601578,0,13299.984,351,2245,0,0,0,0,0,284.49,0.06,0.044000000000000004,5,0.05
2001-05-31,0.48094940662086194,0.006870705808869456,0.037476577139287946,0.3163841807909605,0.051211955531255696,0.2959115485085961,0.32989973152156044,0.04690153964166347,0.27297134403594325,0.40192,42.95681768181818,0,0,0,48.59940225,0,13299.984,341,2398,0,0,0,0,0,284.73,0.06,0.043,4.4,0.044000000000000004
2001-06-30,0.4691689008042895,0.00938337801608579,0.03351206434316354,0.31309638168427795,0.048735190521934035,0.2919628562279859,0.32608066662808866,0.04530987790058446,0.268560847173196,0.38959825000000003,40.73714280952381,0,0,0,47.6641055,13299.984,13299.984,331,2222,0,0,0,0,0,284.97,0.06,0.045,4.4,0.044000000000000004
2001-07-31,0.46987951807228917,0.004016064257028112,0.03614457831325301,0.3097682226095939,0.05068112854283685,0.294983536703467,0.3225374264577387,0.04642628298479641,0.27244131181918796,0.3761428,42.37666661904762,0,0,0,49.3656234,0,13244.784,342,2401,0,0,0,0,0,285.22,0.06,0.046,5.6,0.055999999999999994
2001-08-31,0.4310455420141116,0.010262989095574085,0.028223220012828735,0.30199936528086324,0.052554744525547446,0.2924151063154554,0.3120388904775522,0.048727480697740924,0.268515870746354,0.33129474999999997,42.98130439130435,0,0,0,46.88619125,0,13244.784,312,2352,0,0,0,0,0,285.49,0.06,0.049,6.8,0.068
2001-09-30,0.46686303387334316,0.004418262150220913,0.033873343151693665,0.3544157608695652,0.0546875,0.29476902173913044,0.3628907936116421,0.05025590429795893,0.27267682062033666,0.29415175,44.592000666666664,0,0,0,45.9801245,13244.784,13244.784,332,2066,0,0,0,0,0,285.69,0.07,0.05,7,0.07
2001-10-31,0.46189111747851,0.009169054441260744,0.033810888252149,0.3343596391724734,0.05023497002106628,0.28844595689515473,0.34446345636763626,0.046590075776093864,0.2662429723783916,0.3203214,43.04913030434783,0,0,0,46.9572388,0,13280.859,362,2222,0,0,0,0,0,285.92,0.08,0.053,3.4,0.034
2001-11-30,0.4561933534743202,0.009667673716012085,0.03262839879154079,0.3165130107468223,0.04549669957994654,0.2889094975724183,0.32704776045533285,0.042118287552585995,0.26755753526354864,0.351875,38.44095276190476,0,0,0,44.17473375,0,13280.859,321,2185,0,0,0,0,0,286.14,0.08,0.055,4.1,0.040999999999999995
2001-12-31,0.48398835516739447,0.012372634643377001,0.02911208151382824,0.3123087621696801,0.05006954102920723,0.28477051460361613,0.3257404618473896,0.04674949799196787,0.2620481927710843,0.3930358,38.78399985,0,0,0,43.3635446,13280.859,13280.859,318,2078,0,0,0,0,0,286.34,0.09,0.057,4.5,0.045
2002-01-31,0.4254937163375224,0.00718132854578097,0.04847396768402154,0.294463346736777,0.05706773894215898,0.2998762759047324,0.3039479269845762,0.052922031979623606,0.2801754634215367,0.4057145,37.6295240952381,0,0,0,43.39906775,0,13397.002,368,2379,0,0,0,0,0,286.54,0.09,0.057,6.1,0.061
2002-02-28,0.4407252440725244,0.0041841004184100415,0.0599721059972106,0.2918333118307315,0.05444458779512321,0.2931234679396207,0.3035357688241513,0.0500411135909785,0.27416891812522026,0.4201785,36.52315747368421,0,0,0,41.52622875,0,13397.002,301,2110,0,0,0,0,0,286.72,0.09,0.057,5.8,0.057999999999999996
2002-03-31,0.4557823129251701,0.005442176870748299,0.01904761904761905,0.2812380588460069,0.052095274487326454,0.27856324035154756,0.29577790630422207,0.048235974551764024,0.25575477154424525,0.43468775,38.61649995,0,0,0,41.829749,13397.002,13397.002,324,2278,0,0,0,0,0,286.93,0.09,0.057,5.9,0.059000000000000004
2002-04-30,0.48613138686131385,0.00583941605839416,0.030656934306569343,0.3040599625234229,0.05833853841349157,0.2813241723922548,0.3182338137725921,0.053992221459620224,0.2618393960192176,0.4332142,34.09318204545455,0,0,0,37.9676086,0,13478.152,326,2427,0,0,0,0,0,287.15,0.09,0.059000000000000004,5.8,0.057999999999999996
2002-05-31,0.4211267605633803,0.005633802816901409,0.030985915492957747,0.2866150006567713,0.05740181268882175,0.2912123998423749,0.29741019214703424,0.052870270915383696,0.2697219238572622,0.42758925000000003,33.343636545454544,0,0,0,37.9941385,0,13478.152,374,2395,0,0,0,0,0,287.39,0.11,0.057999999999999996,6.5,0.065
2002-06-30,0.4700162074554295,0.009724473257698542,0.03889789303079417,0.2974516084110848,0.06001949589193706,0.2836652276841666,0.31034922253377517,0.056079530971195515,0.2640836094825389,0.3395985,31.92000055,0,0,0,36.6901205,13478.152,13478.152,302,2280,0,0,0,0,0,287.63,0.11,0.057999999999999996,6.4,0.064
2002-07-31,0.4415204678362573,0.0043859649122807015,0.03070175438596491,0.29120084177298433,0.05195317637774563,0.28896488228330924,0.30303393692289243,0.04796738218011752,0.26765799256505574,0.2857144,28.254545272727274,0,0,0,30.1183194,0,13538.072,343,2468,0,0,0,0,0,287.87,0.11,0.057999999999999996,5.5,0.055
2002-08-31,0.43025210084033616,0.0067226890756302525,0.03529411764705882,0.28310256754940183,0.054173948111305284,0.2812205941658825,0.2941759603469641,0.0506815365551425,0.26332094175960347,0.27361599999999997,26.941817863636363,0,0,0,28.009407500000002,0,13538.072,369,2418,0,0,0,0,0,288.13,0.11,0.057,5.4,0.054000000000000006
2002-09-30,0.45598591549295775,0.007042253521126761,0.040492957746478875,0.29193899782135074,0.05759803921568627,0.29139433551198257,0.30290091673992214,0.05437649127213362,0.27338942609569256,0.2577502,23.462499700000002,0,0,0,27.2548754,13538.072,13538.072,332,2309,0,0,0,0,0,288.38,0.11,0.057,5.7,0.057
2002-10-31,0.4840182648401826,0.0076103500761035,0.0289193302891933,0.30116731517509726,0.051250694830461366,0.28804891606448024,0.3126285479226656,0.04823118058412176,0.27056766762649115,0.2706695,23.526521739130434,0,0,0,32.67239575,0,13559.032,338,2248,0,0,0,0,0,288.61,0.12,0.057,5.7,0.057
2002-11-30,0.45045045045045046,0.0075075075075075074,0.036036036036036036,0.2873812101527728,0.05148562492481655,0.28244917598941416,0.2989028039454727,0.047988473900033246,0.2641028482766264,0.28258925,26.7585,0,0,0,35.94368275,0,13559.032,338,2138,0,0,0,0,0,288.8,0.15,0.059000000000000004,5.7,0.057
2002-12-31,0.4428341384863124,0.00322061191626409,0.028985507246376812,0.30172079182300426,0.05744598266269892,0.2877474446888343,0.3122177323508438,0.053363441882576655,0.26883765153315903,0.2601426,26.95142861904762,0,0,0,35.6563492,13559.032,13559.032,289,2131,0,0,0,0,0,289,0.12,0.06,5.5,0.055
2003-01-31,0.4423963133640553,0.004608294930875576,0.03456221198156682,0.3074281057166143,0.054488298987076494,0.2959189614018746,0.3160527023393385,0.05087389083086851,0.27750887383026784,0.25437525,27.30619085714286,0,0,0,34.1562775,0,13634.253,342,2338,0,0,0,0,0,289.13,0.12,0.057999999999999996,5.5,0.055
2003-02-28,0.4563106796116505,0.009101941747572815,0.03944174757281554,0.3011740200719561,0.05548191630373035,0.2854572997538345,0.31151182542793676,0.05187508166732001,0.2679123655211464,0.262634,22.989473789473685,0,0,0,32.5419945,0,13634.253,301,1991,0,0,0,0,0,289.26,0.12,0.059000000000000004,5.6,0.055999999999999994
2003-03-31,0.4730473047304731,0.00935093509350935,0.034653465346534656,0.31581879741139157,0.05400077143959199,0.29358820504028804,0.32657408868549787,0.050733785703014046,0.27443089912021146,0.26175,20.74095223809524,0,0,0,32.1363994,13634.253,13634.253,339,2426,0,0,0,0,0,289.4,0.16,0.059000000000000004,5.3,0.053
2003-04-30,0.4855421686746988,0.01144578313253012,0.02710843373493976,0.31119010248361184,0.04971840088634475,0.2896777767519158,0.322861758204387,0.0466757354191464,0.27116986906988605,0.24160725,21.54904761904762,0,0,0,31.8877375,0,13751.543,346,2285,0,0,0,0,0,289.55,0.16,0.06,5.3,0.053
2003-05-31,0.4585870889159562,0.013398294762484775,0.037758830694275276,0.3117792814257124,0.05389307157152387,0.29281425712379683,0.32168384126288097,0.05090988818241614,0.2744573558430169,0.32754475,24.354285952380952,0,0,0,33.225479,0,13751.543,338,2444,0,0,0,0,0,289.82,0.16,0.061,5.8,0.057999999999999996
2003-06-30,0.46601941747572817,0.008414239482200648,0.027831715210355986,0.3194071421466229,0.055853973938127924,0.2901124042574356,0.32858777752346074,0.05232318608377203,0.27095445181963834,0.3272498,25.88047619047619,0,0,0,35.8649926,13751.543,13751.543,351,2451,0,0,0,0,0,290.11,0.16,0.063,5.5,0.055
2003-07-31,0.45719973457199736,0.009953550099535502,0.023224950232249502,0.3119492966455403,0.054567939403308084,0.2951149129135319,0.32177090253392804,0.05124798329695359,0.27537607364874483,0.3704465,24.61,0,0,0,32.41833575,0,13985.073,330,2436,0,0,0,0,0,290.39,0.16,0.062,6.2,0.062
2003-08-31,0.4627062706270627,0.007260726072607261,0.030363036303630363,0.30965527533204,0.05456896980550167,0.2926428891210267,0.31960892316166345,0.050996052510786746,0.2739832920223997,0.36982125,23.28714280952381,0,0,0,31.78206575,0,13985.073,295,2392,0,0,0,0,0,290.66,0.17,0.061,6,0.06
2003-09-30,0.4766619519094767,0.011315417256011316,0.033946251768033946,0.31510527059488486,0.053318261033394564,0.2943808581790778,0.32457062740974413,0.05060462670872765,0.278391167192429,0.394857,22.924285857142856,0,0,0,31.208298,13985.073,13985.073,352,2202,0,0,0,0,0,290.92,0.17,0.061,5.1,0.051
2003-10-31,0.49126344086021506,0.002688172043010753,0.03024193548387097,0.3256767012395649,0.05666582342524665,0.2895162922485327,0.33624067164179106,0.052705223880597014,0.2713279537291851,0.41035699999999997,22.532174086956523,0,0,0,29.52251775,0,14145.645,335,2224,0,0,0,0,0,291.16,0.17,0.06,5.3,0.053
2003-11-30,0.4680252986647927,0.009135628952916374,0.035839775122979624,0.3222781906139345,0.057403620767044035,0.2886639070370555,0.3304697242621588,0.05413144889381553,0.27218142349083185,0.38013399999999997,23.358947157894736,0,0,0,29.18752,0,14145.645,354,2138,0,0,0,0,0,291.36,0.17,0.057999999999999996,5.4,0.054000000000000006
2003-12-31,0.4667143879742305,0.009305654974946313,0.03510028653295129,0.30752910737386807,0.05604139715394567,0.29210866752910736,0.31771708347333555,0.05280084481351702,0.2746255760368664,0.3696428,24.747272636363636,0,0,0,30.6021546,14145.645,14145.645,297,2108,0,0,0,0,0,291.55,0.19,0.057,5.4,0.054000000000000006
2004-01-31,0.47784200385356457,0.010276172125883108,0.03018625561978163,0.31159755646057014,0.05326730840429471,0.2928544983339504,0.3223480947476828,0.05024888431170615,0.2748144015791958,0.40553550000000005,26.5000001,0,0,0,33.15128525,0,14221.147,373,2231,0,0,0,0,0,291.72,0.19,0.057,5,0.05
2004-02-29,0.4582850521436848,0.008111239860950173,0.02954808806488992,0.31293124441918985,0.05592986443704846,0.2915245981490502,0.32148237420909914,0.05268906297077433,0.27419962335216574,0.41084825,25.044210421052632,0,0,0,33.794301250000004,0,14221.147,344,2158,0,0,0,0,0,291.89,0.19,0.055999999999999994,5,0.05
2004-03-31,0.4568279240661359,0.009185548071034905,0.03490508266993264,0.3150358991484388,0.05802546441243999,0.2971698113207547,0.32364258230012827,0.054881840796019904,0.2803062691904077,0.4810714,24.496956695652173,0,0,0,33.746186800000004,14221.147,14221.147,368,2468,0,0,0,0,0,292.11,0.25,0.057999999999999996,4.9,0.049
2004-04-30,0.4712858926342072,0.010611735330836454,0.033707865168539325,0.31476615869679453,0.0581537922578385,0.2967504598405886,0.3247540050418801,0.05493209725949418,0.279318477553676,0.4919195,24.822857142857142,0,0,0,33.57621475,0,14329.523,361,2352,0,0,0,0,0,292.35,0.25,0.055999999999999994,5.3,0.053
2004-05-31,0.4852752880921895,0.0076824583866837385,0.03265044814340589,0.31929336002088593,0.06118363794604004,0.2973455178416014,0.32905290448027225,0.05764867930643332,0.28054610273861613,0.4917142,24.50199995,0,0,0,32.0968292,0,14329.523,407,2359,0,0,0,0,0,292.57,0.25,0.055999999999999994,5.2,0.052000000000000005
2004-06-30,0.47878063359234907,0.005379557680812911,0.029886431560071727,0.3094141448926004,0.05694976539968146,0.2992810710749494,0.31995691890382544,0.0532530216602178,0.2811265807635537,0.5733485,24.232381,0,0,0,32.43632325,14329.523,14329.523,314,2401,0,0,0,0,0,292.81,0.23,0.055999999999999994,5.8,0.057999999999999996
2004-07-31,0.44775174160861303,0.007599746675110829,0.027232425585813805,0.30551472132386914,0.05712125666764669,0.30139863076987694,0.31387432506455903,0.05415134204554347,0.28441192581579156,0.559241,23.983809476190476,0,0,0,32.35313675,0,14464.984,367,2537,0,0,0,0,0,293.06,0.25,0.055,5.2,0.052000000000000005
2004-08-31,0.4332909783989835,0.010800508259212199,0.02986022871664549,0.30990873533246416,0.057018687527162104,0.30001303837628757,0.31673129746324125,0.053845532396186786,0.28325590789739447,0.575,25.46090927272727,0,0,0,35.2606476,0,14464.984,350,2387,0,0,0,0,0,293.31,0.25,0.054000000000000006,5.1,0.051
2004-09-30,0.4524660471765547,0.009292351679771264,0.032165832737669764,0.31495608977202166,0.055797037168455604,0.2991217954404329,0.3222752750674694,0.05310359144695869,0.2837865891633797,0.66504475,26.29000004761905,0,0,0,36.25619675,14464.984,14464.984,364,2344,0,0,0,0,0,293.57,0.25,0.054000000000000006,4.6,0.046
2004-10-31,0.4771953710006807,0.009530292716133424,0.03063308373042886,0.31119321521538335,0.05831723906289361,0.2925938365941725,0.3203631647211414,0.05537868961993476,0.2774436976771607,0.8230802500000001,26.243809476190474,0,0,0,35.898717,0,14609.876,361,2401,0,0,0,0,0,293.8,0.25,0.055,4.5,0.045
2004-11-30,0.4683965402528277,0.00998003992015968,0.025282767797737856,0.31323460272684533,0.06006111894687353,0.295940756993966,0.32080733944954126,0.05702752293577982,0.2811949500880799,1.0450716,25.884285761904763,0,0,0,37.3003106,0,14609.876,385,2255,0,0,0,0,0,294.02,0.25,0.054000000000000006,4,0.04
2004-12-31,0.48590686274509803,0.013480392156862746,0.034926470588235295,0.31760413743334803,0.06013711261676623,0.3022733651417345,0.32705083227588266,0.057139658132417705,0.28564496864735744,1.1542412499999999,25.73136372727273,0,0,0,36.63840975,14609.876,14609.876,309,2156,0,0,0,0,0,294.23,0.25,0.054000000000000006,6.8,0.068
2005-01-31,0.46963824289405687,0.008397932816537468,0.0355297157622739,0.3119549619163263,0.05865469531939947,0.29982337356491023,0.3197620118302259,0.05597066555970666,0.28524975785249757,1.2955712,24.6560001,0,0,0,33.3253042,0,14771.602,399,2291,0,0,0,0,0,294.38,0.25,0.053,3.6,0.036000000000000004
2005-02-28,0.4558918222794591,0.00901481004507405,0.028332260141661302,0.3054635472961194,0.058507670850767086,0.29829149232914925,0.3125102637369856,0.05577087302108651,0.28476647178611314,1.5295985,24.30421042105263,0,0,0,32.4295785,0,14771.602,295,2148,0,0,0,0,0,294.56,0.29,0.054000000000000006,3.2,0.032
2005-03-31,0.44839255499153974,0.012408347433728144,0.029892836999435984,0.3071981210279083,0.060237634705719814,0.29628350373031226,0.31471358799366045,0.05741177992690106,0.2811721706504512,1.4876785,23.790000136363638,0,0,0,31.7393485,14771.602,14771.602,385,2435,0.05,0.07,0.06,0.04,0.03,294.78,0.29,0.052000000000000005,3.4,0.034
2005-04-30,0.46039309112567006,0.007742703990470518,0.03275759380583681,0.3162364584726495,0.061020462752440816,0.29696381996923693,0.3226961492556065,0.057949619951001945,0.28301294132428695,1.34508925,23.545714285714286,0,0,0,31.2694525,0,14839.782,360,2433,0.05,0.07,0.06,0.04,0.03,295.03,0.29,0.052000000000000005,3,0.03
2005-05-31,0.4777031154551008,0.006719609040928528,0.0354306658521686,0.314697584806991,0.06123993669579578,0.29869593641399717,0.32208757472935856,0.05803845532396187,0.284726262038653,1.3454284,23.560952333333333,0,0,0,31.3827662,0,14839.782,369,2515,0.05,0.07,0.06,0.04,0.03,295.26,0.29,0.051,3.5,0.035
2005-06-30,0.4514792899408284,0.011242603550295858,0.02605091770278271,0.3081255313119864,0.06021749141015196,0.29845565315953526,0.3155260977630489,0.05743355206469146,0.28302512096506927,1.32482125,23.68136390909091,0,0,0,31.2334795,14839.782,14839.782,347,2410,0.05,0.07,0.06,0.04,0.03,295.52,0.33,0.05,2.8,0.027999999999999997
2005-07-31,0.46049966239027684,0.012153950033760972,0.03175675675675676,0.30499844527363185,0.05997356965174129,0.29918749757026786,0.31264342694787456,0.0572979273667723,0.28494917477319925,1.48616075,23.92850005,0,0,0,30.911971,0,14972.054,369,2457,0.05,0.07,0.06,0.04,0.03,295.77,0.33,0.05,2.2,0.022000000000000002
2005-08-31,0.4485294117647059,0.0066844919786096255,0.038101604278074866,0.306813634544727,0.05773218378260395,0.3003784295175024,0.3132938477866411,0.05511999726111815,0.28693240189028146,1.6205714,24.299130130434783,0,0,0,29.5913158,0,14972.054,339,2409,0.05,0.07,0.06,0.04,0.03,296.04,0.33,0.049,2.6,0.026000000000000002
2005-09-30,0.4554234769687964,0.010401188707280832,0.02453531598513011,0.31840721822452556,0.05670929495544536,0.2980088000596614,0.3240965979199718,0.054327516305305835,0.28500405486407393,1.869018,23.92666661904762,0,0,0,29.315674,14972.054,14972.054,347,2418,0.05,0.07,0.06,0.04,0.03,296.31,0.33,0.05,2.6,0.026000000000000002
2005-10-31,0.45626822157434405,0.007288629737609329,0.037900874635568516,0.3121105295018338,0.06135602877287943,0.297660173083087,0.31784042302381194,0.05860559110811721,0.2858827096035302,1.9755714,23.037142857142857,0,0,0,27.4491294,0,15066.597,346,2368,0.05,0.07,0.06,0.04,0.03,296.51,0.33,0.05,3,0.03
2005-11-30,0.47200622083981336,0.007776049766718507,0.03421461897356143,0.3020452747749444,0.06124524464198275,0.3040759436449936,0.30927577595433464,0.058615768819122366,0.29146894066435935,2.39348225,24.15047619047619,0,0,0,28.542256000000002,0,15066.597,344,2224,0.05,0.07,0.06,0.04,0.03,296.76,0.33,0.05,3.5,0.035
2005-12-31,0.443666899930021,0.00979706088173548,0.03079076277116865,0.30340002109630465,0.05650293590239443,0.29672995780590716,0.30927253418292844,0.05396256471525289,0.2835285918157379,2.59535725,24.84571442857143,0,0,0,27.46756525,15066.597,15066.597,302,2241,0.08,0.16,0.09,0.05,0.02,296.99,0.36,0.049,3.6,0.036000000000000004
2006-01-31,0.45663265306122447,0.006802721088435374,0.036564625850340135,0.30669456066945605,0.055397489539748955,0.3032598234087961,0.31281362361215376,0.05302461574933818,0.29008930688374296,2.7275714,25.06899985,0,0,0,28.4581694,0,15267.026,331,2379,0.08,0.16,0.09,0.05,0.02,297.22,0.36,0.047,4.2,0.042
2006-02-28,0.44479745830023826,0.011914217633042097,0.03415409054805401,0.30228143957720793,0.056459116453905986,0.2974502140331286,0.3076706346411214,0.054201591885609635,0.28555829517435716,2.47125,27.570000052631578,0,0,0,30.43083325,0,15267.026,302,2112,0.08,0.16,0.09,0.05,0.02,297.42,0.41,0.048,4.2,0.042
2006-03-31,0.4785604900459418,0.009954058192955589,0.020673813169984685,0.3101252001746979,0.05805277525022748,0.30349797983474686,0.3168732782369146,0.055752608560900856,0.29076695250886797,2.23687525,27.18347847826087,0,0,0,30.943448250000003,15267.026,15267.026,347,2405,0.08,0.16,0.09,0.05,0.02,297.65,0.42,0.047,4.2,0.042
2006-04-30,0.46722560975609756,0.012195121951219513,0.035823170731707314,0.3056321672231093,0.061003048337930035,0.30443460589345334,0.31216095584700954,0.058676096958044356,0.2920071413857035,2.443661,26.024737157894737,0,0,0,29.71137625,0,15302.705,350,2487,0.08,0.16,0.09,0.05,0.02,297.87,0.42,0.047,3.9,0.039
2006-05-31,0.47089262613195343,0.009702457956015523,0.02457956015523933,0.3080692376225022,0.06001209151366659,0.30613543788187375,0.3146867861007575,0.05744431418522861,0.2928691678691679,2.3522144,25.77318181818182,0,0,0,28.6236448,0,15302.705,360,2583,0.08,0.16,0.09,0.05,0.02,298.12,0.42,0.046,3.7,0.037000000000000005
2006-06-30,0.43754175016700064,0.01002004008016032,0.025384101536406144,0.304448848493132,0.05860042369985649,0.30947742574934206,0.30973508230452673,0.05600565843621399,0.2953982699295752,2.079464,27.191818363636365,0,0,0,29.30892875,15302.705,15302.705,343,2525,0.08,0.16,0.09,0.05,0.02,298.38,0.42,0.046,3.9,0.039
2006-07-31,0.4220532319391635,0.013688212927756654,0.03269961977186312,0.2973129782064764,0.05762048083547884,0.3005983680870354,0.3020540910647039,0.05559739815131804,0.2883798959189263,2.1477142,27.897999849999998,0,0,0,29.443827,0,15326.368,394,2584,0.08,0.16,0.09,0.05,0.02,298.63,0.42,0.047,3.3,0.033
2006-08-31,0.45141545524100996,0.0076511094108645756,0.02142310635042081,0.31069966049490744,0.0600609009135137,0.30339202576399343,0.3157354353658133,0.0574305302553572,0.29096690847659745,2.39901775,30.573912782608694,0,0,0,31.1975065,0,15326.368,341,2459,0.11,0.41,0.06,0.03,0,298.91,0.43,0.047,3.6,0.036000000000000004
2006-09-30,0.463081130355515,0.008204193254329991,0.032816773017319965,0.30871983842964956,0.05817949899018531,0.30177179305457125,0.313331083361458,0.0560242996962538,0.29132210483680426,2.6482145,32.07050025,0,0,0,32.699375,15326.368,15326.368,335,2381,0.11,0.41,0.06,0.03,0,299.16,0.43,0.045,3.5,0.035
2006-10-31,0.45692567567567566,0.006756756756756757,0.03125,0.3033983991012498,0.05715489397556523,0.30670926517571884,0.3088996493571548,0.054934045750542664,0.2952511354528453,2.7706428,33.36636359090909,0,0,0,33.6688454,0,15456.928,385,2472,0.11,0.41,0.06,0.03,0,299.4,0.43,0.044000000000000004,3.5,0.035
2006-11-30,0.45843621399176954,0.011522633744855968,0.03709810387469085,0.3055613631611959,0.06007387274374521,0.30056453861165316,0.3110020883747141,0.057977259919779894,0.2898915890329211,3.14214275,33.29666619047619,0,0,0,32.29932125,0,15456.928,333,2358,0.11,0.41,0.06,0.03,0,299.66,0.43,0.045,3.9,0.039
2006-12-31,0.4493322859387274,0.01021209740769835,0.029065200314218383,0.3060614486306131,0.05943278187126373,0.2989712220214097,0.3110077826144308,0.05708349821923229,0.2878578024007387,3.0626785,35.11149995,0,0,0,33.976428,15456.928,15456.928,351,2275,0.11,0.41,0.06,0.03,0,299.89,0.44,0.044000000000000004,3.7,0.037000000000000005
2007-01-31,0.4489139179404666,0.009654062751407884,0.032180209171359615,0.3046922804418537,0.06048114392451129,0.3111590748018813,0.30929954284662353,0.05820268155738963,0.30039283083722074,3.1307144,35.2650004,0,0,0,35.093882,0,15493.328,351,2475,0.11,0.41,0.06,0.03,0,300.1,0.44,0.046,3.6,0.036000000000000004
2007-02-28,0.45098039215686275,0.013888888888888888,0.03104575163398693,0.2960810415922595,0.0610409428877561,0.30359230869169807,0.3010779333415934,0.05916243340354355,0.29343413999318313,3.05875,37.248947263157895,0,0,0,35.2623885,0,15493.328,309,2156,0.11,0.41,0.06,0.03,0,300.29,0.44,0.045,4,0.04
2007-03-31,0.45685670261941447,0.01078582434514638,0.036237471087124135,0.3037188194804008,0.06152346724332227,0.3054590873088405,0.30859136502398604,0.059572612298299174,0.29508244394684036,3.24991075,37.6113635,0,0,0,34.7302665,15493.328,15493.328,376,2570,0.11,0.41,0.06,0.03,0,300.51,0.44,0.044000000000000004,4.3,0.043
2007-04-30,0.4309006211180124,0.006987577639751553,0.033385093167701864,0.3024372454871452,0.062422124297219266,0.3121751025991792,0.3065441687920241,0.060226646958235514,0.3018873394601803,3.4044285999999997,39.192499850000004,0,57.166665,0,35.820183,0,15582.085,332,2452,0.11,0.41,0.06,0.03,0,300.73,0.44,0.045,4.1,0.040999999999999995
2007-05-31,0.463003663003663,0.008791208791208791,0.03076923076923077,0.30490051028110754,0.06509858389444126,0.31236973266878115,0.3100871015034352,0.0627820737631874,0.3013832571247807,4.02482125,40.09318136363636,0,69.54500025,0,39.547366,0,15582.085,357,2725,0.11,0.41,0.06,0.03,0,300.97,0.44,0.044000000000000004,3.9,0.039
2007-06-30,0.4510542168674699,0.01355421686746988,0.02635542168674699,0.29654873288307826,0.06363664528921523,0.3095754570808801,0.3022260273972603,0.061527560449942426,0.2985766595794945,4.3752675,40.04333357142857,0,67.51000024999999,0,39.40966875,15582.085,15582.085,311,2600,0.11,0.41,0.06,0.03,0,301.23,0.44,0.046,3.7,0.037000000000000005
2007-07-31,0.4081765087605451,0.006489292667099286,0.02987012987012987,0.29657110123025726,0.06063995198996154,0.30548431105047746,0.29995329042972807,0.05836101307867968,0.29403519700981157,4.9248574000000005,40.113809857142854,0,71.2439988,0,39.2724372,0,15666.738,390,2694,0.11,0.41,0.06,0.03,0,301.5,0.44,0.047,3.6,0.036000000000000004
2007-08-31,0.45869837296620775,0.010012515644555695,0.030682529743268627,0.2969230769230769,0.060974358974358975,0.30840258541089566,0.3021876068167391,0.058743102690561065,0.29774087190133103,4.65035725,39.48391256521739,0,54.660001,0,38.8938845,0,15666.738,343,2647,0.11,0.41,0.06,0.03,0,301.77,0.44,0.046,3.3,0.033
2007-09-30,0.44838976052848883,0.01486374896779521,0.028901734104046242,0.3037540711959317,0.061167933260956514,0.31073204183096176,0.3081156563167406,0.05955314604895679,0.3009200942001205,5.073214,40.943158315789475,0,53.05000025,0,40.2638635,15666.738,15666.738,340,2609,0.11,0.41,0.06,0.03,0,302.03,0.51,0.047,3.5,0.035
2007-10-31,0.4511517077045274,0.008737092930897538,0.027005559968228753,0.3085366531428889,0.061218251542266434,0.31271888376229917,0.3126280771789754,0.059214903526280775,0.3028189634519658,6.2263572,41.80478256521739,0,45.928000600000004,0,42.0095962,0,15761.967,356,2633,0.11,0.41,0.06,0.03,0,302.29,0.51,0.047,3.3,0.033
2007-11-30,0.44393241167434716,0.013824884792626729,0.0314900153609831,0.3041101159404363,0.06088246606956426,0.3079206288132798,0.30778131327740815,0.059168485549740975,0.2986715770090754,6.12071425,38.69523785714286,0,33.70000025,0,40.2148535,0,15761.967,333,2457,0.11,0.41,0.06,0.03,0,302.53,0.51,0.047,3.1,0.031
2007-12-31,0.4331508991399531,0.008600469116497263,0.03205629397967162,0.2994731176703869,0.06246105036541839,0.30541229810144516,0.3032366586179766,0.06047369706177596,0.29576356284093686,6.8462857999999995,40.32299955,0,37.1600004,0,41.3019668,15761.967,15761.967,332,2375,0.11,0.41,0.06,0.03,0,302.75,0.54,0.05,3.5,0.035
2008-01-31,0.42905405405405406,0.016891891891891893,0.033783783783783786,0.29923826934795855,0.05783059110298598,0.308473026516306,0.3029410048433215,0.05619419968489234,0.29865164604249356,5.337589250000001,38.17523790476191,0,34.90499975,0,36.898428,0,15671.383,377,2647,0.11,0.41,0.06,0.03,0,302.97,0.51,0.05,3.7,0.037000000000000005
2008-02-29,0.4394849785407725,0.013733905579399141,0.022317596566523604,0.29813089520282393,0.05621781146924368,0.2994964986399676,0.302066287616142,0.05477742338094578,0.29031900138696254,4.41598225,36.42349995,0,31.805,0,34.254158,0,15671.383,319,2458,0.11,0.41,0.06,0.03,0,303.19,0.51,0.049,4.1,0.040999999999999995
2008-03-31,0.4404476418864908,0.012789768185451638,0.0264,0.30031329255557215,0.057615992839027304,0.3049370186854516,0.3044777818896069,0.055765891428734095,0.2944895343870141,4.8444286,36.2584997,0,32.9000006,0,33.3058962,15671.383,15671.383,354,2685,0.11,0.41,0.06,0.03,0,303.38,0.51,0.051,4,0.04
2008-04-30,0.4650602409638554,0.010441767068273093,0.023311897106109324,0.30736631448836044,0.0588010241619824,0.30801613235597164,0.3121307601417881,0.056912170145726665,0.2979878992542564,5.8825895,38.23499995454546,0,38.875,0,34.760512250000005,0,15752.308,366,2688,0.11,0.41,0.06,0.03,0,303.62,0.51,0.05,3.4,0.034
2008-05-31,0.46484698097601324,0.009925558312655087,0.014072847682119206,0.3054769540338301,0.059894359554800984,0.3130957249362987,0.31068369646882044,0.057941397445529674,0.30192140000601375,6.615982,39.45619042857143,0,41.989999999999995,0,35.69371025,0,15752.308,369,2793,0.21,0.6,0.21,0.07,0.02,303.85,0.54,0.054000000000000006,7.8,0.078
2008-06-30,0.4541319181197877,0.008339651250947688,0.03335860500379075,0.3034569153219793,0.05840243393187377,0.30854841115918247,0.3087620510195376,0.05633922985040669,0.298170749054081,6.2392142,36.09619019047619,0,36.5239992,0,33.945954,15752.308,15752.308,352,2739,0.21,0.6,0.21,0.07,0.02,304.09,0.54,0.055999999999999994,5.5,0.055
2008-07-31,0.4432565789473684,0.014802631578947368,0.023868312757201648,0.3002026500389712,0.05961028838659392,0.31114092284653544,0.3045795616960457,0.057914483087184374,0.3004678048925837,5.86169625,32.038636363636364,0,31.62999925,0,32.5494375,0,15667.032,364,2760,0.21,0.6,0.21,0.07,0.02,304.36,0.54,0.057999999999999996,4.4,0.044000000000000004
2008-08-31,0.4303030303030303,0.008658008658008658,0.017316017316017316,0.3088659793814433,0.058842188739095955,0.30948150028558735,0.3123882270922373,0.05677305931920827,0.2993329290479078,6.1750895,31.08380957142857,0,34.48000075,0,32.81673625,0,15667.032,360,2658,0.25,0.68,0.27,0.09,0.02,304.61,0.57,0.061,3.8,0.038
2008-09-30,0.45397489539748953,0.011506276150627616,0.03455497382198953,0.3070531400966184,0.062512077294686,0.30819291858629466,0.3102006688963211,0.06069614765266939,0.2995043370508054,4.8238572,30.39666623809524,0,32.0359998,0,31.0047354,15667.032,15667.032,365,2745,0.25,0.68,0.27,0.09,0.02,304.86,0.57,0.061,4.7,0.047
2008-10-31,0.4673144876325088,0.015901060070671377,0.030973451327433628,0.3148359161349134,0.06039369854428397,0.31198882904448433,0.3190470980799737,0.058805831350346,0.3027964756744924,3.55508925,25.83739143478261,0,26.5399995,0,25.48947875,0,15328.027,393,2616,0.25,0.68,0.27,0.09,0.02,305.09,0.57,0.065,5.5,0.055
2008-11-30,0.4536082474226804,0.013120899718837863,0.025328330206378986,0.3037613411043682,0.059935107853151474,0.30436220425096955,0.3075924162410181,0.05846535653478775,0.29556152357850357,3.24758925,27.05157894736842,0,25.50500075,0,28.411002,0,15328.027,345,2460,0.25,0.68,0.27,0.09,0.02,305.3,0.57,0.068,6.5,0.065
2008-12-31,0.47089487402258906,0.013900955690703735,0.01998262380538662,0.30649342909080074,0.056947879727031615,0.30490640276618575,0.31130484493354293,0.055452336715735316,0.2955741079597438,3.2773572,28.14863640909091,0,30.0360002,0,31.3273684,15328.027,15328.027,331,2420,0.26,0.59,0.28,0.08,0.03,305.52,0.55,0.073,6.4,0.064
2009-01-31,0.432073544433095,0.010214504596527068,0.026557711950970377,0.30291009700323346,0.05780385359023935,0.3067715800353416,0.3062373987902839,0.05623119759329194,0.29797381645914023,3.1375,26.2675001,0,28.57999975,0,28.70643725,0,15155.94,347,2620,0.26,0.59,0.28,0.08,0.03,305.71,0.55,0.078,6.2,0.062
2009-02-28,0.44023569023569026,0.015151515151515152,0.021043771043771045,0.3005487547488392,0.060257492612916845,0.3012060911562112,0.303948436865611,0.058845919610231424,0.2925498159664932,3.387411,24.223157894736843,0,28.29,0,27.8130985,0,15155.94,342,2371,0.26,0.59,0.28,0.08,0.03,305.92,0.55,0.083,5.5,0.055
2009-03-31,0.43316831683168316,0.007425742574257425,0.023966942148760332,0.2998914970757139,0.06025881917061423,0.30358702845797486,0.30342826601511796,0.05856302970145835,0.2948035746110956,3.611857,24.50272740909091,0,33.4759998,0,27.8928184,15155.94,15155.94,375,2662,0.26,0.59,0.28,0.08,0.03,306.11,0.55,0.087,5.9,0.059000000000000004
2009-04-30,0.43874891398783666,0.011294526498696786,0.030461270670147953,0.30445798223639264,0.06063539057162377,0.3084612536667331,0.3076334208223972,0.05894575678040245,0.29973467545611204,4.411875,25.74571457142857,0,33.474999499999996,0,29.40985425,0,15134.117,360,2661,0.36,0.7,0.42,0.2,0.05,306.32,0.62,0.09,6.8,0.068
2009-05-31,0.44626743232157506,0.016406890894175553,0.026251025430680888,0.2966719317205642,0.05744610098098986,0.3076112866566883,0.3006402252742874,0.056107539450613676,0.2981878088962109,4.55285725,25.0760001,0,33.9749995,0,27.55752375,0,15134.117,400,2864,0.36,0.7,0.42,0.2,0.05,306.54,0.62,0.094,8.2,0.08199999999999999
2009-06-30,0.4326996197718631,0.009125475285171103,0.022086824067022087,0.30361315324556903,0.05989798535320434,0.3070235448378086,0.3076902136926637,0.05795720585833288,0.29647885406170854,5.0255716,24.540908863636364,0,27.8720002,0,28.1366698,15134.117,15134.117,353,2893,0.36,0.7,0.42,0.2,0.05,306.77,0.62,0.095,6.7,0.067
2009-07-31,0.4316057774001699,0.006796941376380629,0.018691588785046728,0.29919841484283527,0.05968356900537392,0.3059251028559416,0.3027359466605357,0.05770778250373606,0.2961823722187087,5.479018,24.66181822727273,0,24.99000025,0,28.55403075,0,15189.222,339,2902,0.36,0.7,0.42,0.2,0.05,307.01,0.62,0.095,6,0.06
2009-08-31,0.42547169811320756,0.010377358490566037,0.02169811320754717,0.29997119815668205,0.060195852534562215,0.3083527818595672,0.3028053947769254,0.058323409676257994,0.29970079787234044,6.013357,25.789999904761906,0,16.752,0,29.1026956,0,15189.222,388,2907,0.36,0.7,0.42,0.2,0.05,307.27,0.62,0.096,4.9,0.049
2009-09-30,0.43049792531120334,0.01037344398340249,0.02598752598752599,0.301939803329647,0.06103356547209852,0.3065099727878951,0.3047531361491541,0.059442973875014384,0.2985491392711152,6.46830325,26.458095523809522,0,19.00999975,0,28.29611175,15189.222,15189.222,389,2867,0.37,0.67,0.44,0.21,0.06,307.52,0.62,0.098,5.9,0.059000000000000004
2009-10-31,0.45472249269717624,0.011684518013631937,0.035053554040895815,0.2936166739225076,0.059346938775510207,0.30851729863625227,0.2969857690489944,0.05784581451528201,0.3010427884741667,6.88357125,26.0186365,0,14.04499975,0,27.31601725,0,15356.058,404,2714,0.37,0.67,0.44,0.21,0.06,307.76,0.62,0.1,5.4,0.054000000000000006
2009-11-30,0.4153386454183267,0.012948207171314742,0.02694610778443114,0.29169308814204187,0.05614965555011097,0.30643254620419225,0.29452797154211713,0.054721805347118006,0.29844314706700026,7.090143,26.2965005,0,12.568,0,28.9713912,0,15356.058,333,2499,0.37,0.67,0.44,0.21,0.06,307.95,0.62,0.099,5.9,0.059000000000000004
2009-12-31,0.4422680412371134,0.004123711340206186,0.02268041237113402,0.29347578254779977,0.06077977916028794,0.3102538203382099,0.2973792844633475,0.05891918939204403,0.3015391353312895,7.230982,27.76681818181818,0,14.785,0,31.189498750000002,15356.058,15356.058,332,2503,0.42,0.78,0.47,0.25,0.08,308.17,0.59,0.099,5.9,0.059000000000000004
2010-01-31,0.42371134020618556,0.013402061855670102,0.030959752321981424,0.29074367088607594,0.05957887049659202,0.3102755366113564,0.29385926381446015,0.0581861840756684,0.3023821383574087,7.21178575,26.42631594736842,0,12.465,0,28.6267165,0,15415.145,361,2689,0.43,0.76,0.51,0.26,0.07,308.38,0.61,0.098,6.1,0.061
2010-02-28,0.4307400379506641,0.011385199240986717,0.023719165085388995,0.30193905817174516,0.06107927541348687,0.3126562330181502,0.30442625951005253,0.05979397615561598,0.3046037143604499,7.161875,25.15473694736842,0,12.16,0,27.1096815,0,15415.145,348,2430,0.43,0.76,0.51,0.26,0.07,308.57,0.61,0.098,5.8,0.057999999999999996
2010-03-31,0.4411764705882353,0.012333965844402278,0.023719165085388995,0.3020863709869834,0.06396967206595795,0.3135460597862126,0.30469867211440244,0.06233401430030643,0.305603106875495,8.1047858,25.740434695652173,0,13.704,0,28.327999,15415.145,15415.145,404,2843,0.43,0.76,0.51,0.26,0.07,308.76,0.61,0.099,5.7,0.057
2010-04-30,0.4272970561998216,0.016057091882247992,0.027653880463871544,0.3035131044371863,0.0646591784168459,0.31096767338698966,0.3059716754435298,0.06286108696763638,0.30279241037180993,9.1170535,26.19333323809524,0,15.135,0,27.576281,0,15557.277,385,2851,0.43,0.76,0.51,0.26,0.07,308.94,0.61,0.099,6.4,0.064
2010-05-31,0.4524025385312783,0.013599274705349048,0.028105167724388033,0.3030891387504347,0.06468065376144662,0.31941665941839903,0.306807740498399,0.06281497981344843,0.31018441138782105,8.8917144,25.25049975,0,16.7520004,0,26.1464694,0,15557.277,379,3034,0.48,0.82,0.53,0.37,0.11,309.12,0.64,0.096,7,0.07
2010-06-30,0.41597796143250687,0.010101010101010102,0.02938475665748393,0.30515926424405565,0.06508344798707902,0.31742421975522905,0.3075818907357965,0.06316031235645383,0.3082689490766005,9.296607250000001,24.995909363636365,0,17.2399995,0,26.92338675,15557.277,15557.277,343,2942,0.48,0.82,0.53,0.37,0.11,309.32,0.64,0.094,6.9,0.069
2010-07-31,0.42397914856646396,0.007819287576020852,0.01216333622936577,0.3006243175900781,0.06590330076429911,0.32075049005880707,0.3032176554393699,0.06386925082659069,0.31036244353624437,9.1670535,25.10095257142857,0,18.06500025,0,27.605,0,15671.967,384,3058,0.48,0.82,0.53,0.37,0.11,309.54,0.64,0.094,6.8,0.068
2010-08-31,0.43120070113935144,0.007887817703768623,0.015775635407537247,0.3057146849238508,0.061422383680312984,0.3168590836664524,0.30853374085096114,0.05967988417920052,0.306862981736262,8.9944288,26.76,0,18.1679994,0,29.7980004,0,15671.967,424,3021,0.48,0.82,0.53,0.37,0.11,309.76,0.64,0.095,6.9,0.069
2010-09-30,0.449671772428884,0.010940919037199124,0.018599562363238512,0.30612070682639503,0.0618899923171044,0.3129518929689724,0.30887320462472195,0.06033559443056052,0.30527472527472527,9.94303575,28.122381047619047,0,20.12,0,32.0074995,15671.967,15671.967,427,2725,0.46,0.8,0.52,0.31,0.09,309.99,0.6,0.095,6.7,0.067
2010-10-31,0.46421052631578946,0.011578947368421053,0.029473684210526315,0.30428360413589367,0.06431884733991552,0.31879586174708946,0.30688731442305284,0.06281451067771575,0.3111395005135142,10.86839275,28.487619095238095,0,21.30999925,0,32.4575005,0,15750.625,421,2806,0.46,0.8,0.52,0.31,0.09,310.17,0.6,0.094,6.6,0.066
2010-11-30,0.42705005324813633,0.011714589989350373,0.023429179978700747,0.30094907097981555,0.06395208940459321,0.3229896741747365,0.3033417695366975,0.06247417355371901,0.3152794645856482,11.1737856,28.55238095238095,0,24.2439998,0,32.738000400000004,0,15750.625,379,2609,0.46,0.78,0.54,0.33,0.14,310.35,0.6,0.098,6.6,0.066
2010-12-31,0.4370044052863436,0.013215859030837005,0.02290748898678414,0.2998626266815272,0.06189896057440576,0.318034487229353,0.30302727794554396,0.0603239573714029,0.30931515741642324,11.49401775,28.96454518181818,0,24.9150005,0,34.974999499999996,15750.625,15750.625,339,2698,0.47,0.76,0.55,0.36,0.12,310.54,0.62,0.09300000000000001,7.1,0.071
2011-01-31,0.4072494669509595,0.007818052594171997,0.031982942430703626,0.2936023196989327,0.05999753223517799,0.3141278854462412,0.2974137931034483,0.05764719680975838,0.30243473159284245,12.0994284,28.53299995,0,25.936000399999998,0,35.6560004,0,15712.754,388,2754,0.47,0.76,0.55,0.36,0.12,310.69,0.62,0.091,7.4,0.07400000000000001
2011-02-28,0.4194865810968495,0.011668611435239206,0.018702513150204558,0.2933765985875167,0.05789000081804052,0.31434495553009223,0.2984235105916351,0.05562866062904766,0.3008906673551052,12.639018,28.14631552631579,0,27.745,0,36.26500025,0,15712.754,386,2382,0.47,0.76,0.55,0.36,0.12,310.83,0.62,0.09,7.6,0.076
2011-03-31,0.4511910322279309,0.012610929472209247,0.028958430639887903,0.30212893415049996,0.058914335744896545,0.31152188443542994,0.3079684134960517,0.05655985555483043,0.29764547155851506,12.310357,28.527826173913045,0,30.98500025,0,36.8625,15712.754,15712.754,408,2979,0.47,0.76,0.55,0.36,0.12,311.01,0.62,0.09,7,0.07
2011-04-30,0.45721518987341775,0.012658227848101266,0.02330293819655522,0.3082759660318577,0.06120295462539571,0.3113752890318689,0.3146211312700107,0.058911419423692636,0.2978173190984579,12.172768,30.6445,0,33.43999975,0,37.5649995,0,15825.096,431,3007,0.47,0.76,0.55,0.36,0.12,311.18,0.62,0.091,6.9,0.069
2011-05-31,0.44459898006490495,0.011590171534538712,0.02132591562355123,0.307743807185896,0.06090061495734973,0.31231551531687957,0.31398324802233596,0.05858675166941995,0.29718847460782943,12.1659284,31.338571476190477,0,35.4479996,0,36.7979996,0,15825.096,444,3015,0.5,0.79,0.61,0.38,0.14,311.35,0.6,0.09,6.9,0.069
2011-06-30,0.44154488517745305,0.010960334029227558,0.024008350730688934,0.30697627358729196,0.06207315222340264,0.3191101662743907,0.31218055887270124,0.05951755433484595,0.30512079141676024,11.7479465,30.723636272727273,0,33.38500025,0,36.124999,15825.096,15825.096,373,2974,0.5,0.79,0.61,0.38,0.14,311.56,0.6,0.091,7.2,0.07200000000000001
2011-07-31,0.40358056265984654,0.008695652173913044,0.022028688524590164,0.3020527859237537,0.06120436849024168,0.31969348271414483,0.30567081604426005,0.058687461248628794,0.30532493558545665,13.4679465,30.4899999,0,33.94999975,0,36.582500749999994,0,15820.7,406,3162,0.5,0.79,0.61,0.38,0.14,311.76,0.6,0.09,7.2,0.07200000000000001
2011-08-31,0.4348993288590604,0.0071588366890380315,0.022818791946308724,0.3062033738826534,0.06216954924276369,0.3204912705349739,0.31143835037606693,0.05930574042382371,0.3060616308069493,13.3162144,28.80608704347826,0,20.4079996,0,35.0759992,0,15820.7,385,3108,0.5,0.82,0.59,0.36,0.12,312,0.62,0.09,7.2,0.07200000000000001
2011-09-30,0.4410377358490566,0.013561320754716982,0.02598936798582398,0.3063573623495038,0.0629187446476248,0.3161622016683888,0.31107285464935563,0.06063649188245702,0.3039691843912242,13.960714249999999,28.27476180952381,0,19.19,0,36.16000075,15820.7,15820.7,436,2885,0.5,0.82,0.59,0.36,0.12,312.21,0.62,0.09,6.8,0.068
2011-10-31,0.45276381909547736,0.012060301507537688,0.024623115577889446,0.30539339953950273,0.05930646324162151,0.315027691162098,0.3113560366068286,0.057110172474480816,0.30165298351418574,14.2132858,28.896666380952382,0,17.652,0,37.1419998,0,16004.107,407,2892,0.5,0.82,0.59,0.36,0.12,312.4,0.62,0.08800000000000001,6.8,0.068
2011-11-30,0.47305389221556887,0.00998003992015968,0.02445109780439122,0.2998404729507812,0.059799183596865764,0.30621010138941046,0.3067530968343471,0.057496781068241354,0.2931065115039531,13.50741075,28.744285904761906,0,16.34500025,0,36.794998750000005,0,16004.107,378,2754,0.5,0.82,0.59,0.36,0.12,312.59,0.62,0.086,6.9,0.069
2011-12-31,0.460841768779968,0.012253596164091636,0.015450186467767715,0.30441524524606217,0.06077588552151913,0.3110899442100966,0.3113166457431273,0.058237253394824495,0.2962298485275649,14.13366075,29.285714523809524,0,16.8250005,0,39.3274995,16004.107,16004.107,377,2701,0.5,0.82,0.59,0.36,0.12,312.79,0.62,0.085,7.8,0.078
2012-01-31,0.44790547798066593,0.009129967776584319,0.023118279569892472,0.30545557602380613,0.06008218789854046,0.3132140730870638,0.3118225022694505,0.0572969509264698,0.2986111111111111,15.496214199999999,30.003,0,17.3080004,0,38.254000000000005,0,16129.418,447,2855,0.5,0.82,0.59,0.36,0.12,312.93,0.67,0.083,8,0.08
2012-02-29,0.4615067929188967,0.011527377521613832,0.01729818780889621,0.30994861547245217,0.06032924160243601,0.3096620656830081,0.31693526845338793,0.057563885673582046,0.29327276371167077,18.42080375,30.1055003,0,21.360000499999998,0,38.23999875,0,16129.418,373,2709,0.53,0.82,0.64,0.39,0.16,313.11,0.65,0.083,8,0.08
2012-03-31,0.4747313967369678,0.011539992041384799,0.01992825827022718,0.3067091122334187,0.060582124563167215,0.30693685925074254,0.31530322349730444,0.0576036866359447,0.2904316289065998,20.770893,31.35318177272727,0,19.44500075,0,39.079999,16129.418,16129.418,393,2996,0.53,0.82,0.64,0.39,0.16,313.28,0.65,0.08199999999999999,8.5,0.085
2012-04-30,0.47013920071845533,0.011680143755615454,0.02202247191011236,0.3053626749278923,0.0595571936009401,0.30876105485344807,0.3134056615538097,0.056718130346943355,0.2924194031340453,21.2867142,31.1965,0,15.58,0,38.8279992,0,16198.807,435,2983,0.53,0.82,0.64,0.39,0.16,313.45,0.66,0.08199999999999999,8.7,0.087
2012-05-31,0.46068548387096775,0.011088709677419355,0.01917255297679112,0.3064999423763974,0.06269447965886828,0.31591085997636004,0.3135375894182751,0.059738156296396276,0.29963265085624763,19.82473175,33.38500009090909,32.619999666666665,13.07,0,41.29249975,0,16198.807,425,3275,0.53,0.82,0.64,0.39,0.16,313.63,0.66,0.08199999999999999,8.8,0.08800000000000001
2012-06-30,0.4374693477194703,0.006866110838646395,0.017664376840039256,0.304925959504382,0.06406769416742218,0.30866505388168025,0.3111351741562895,0.06081934668832341,0.2928307922503418,20.71919625,34.962381,30.314999750000002,12.040000000000001,0,43.5949995,16198.807,16198.807,393,3072,0.53,0.82,0.64,0.39,0.16,313.83,0.66,0.08199999999999999,9.1,0.091
2012-07-31,0.42296918767507,0.013071895424836602,0.02427637721755369,0.3026249435995435,0.06064868882046926,0.3153224949527149,0.30804992044550517,0.058001640852248716,0.29929586225771937,21.5429286,35.819047285714284,27.2019996,14.728,0,44.696,0,16220.667,387,3244,0.53,0.82,0.64,0.39,0.16,314.05,0.66,0.08199999999999999,8.2,0.08199999999999999
2012-08-31,0.4336810730253353,0.008445106805762544,0.014910536779324055,0.308560331706293,0.06048916181178817,0.315378958978938,0.3138552729068906,0.05784144233143986,0.2996465732433702,23.19883925,37.10086952173913,19.58249925,19.304999000000002,0,43.692499,0,16220.667,425,3112,0.59,0.88,0.68,0.48,0.22,314.28,0.66,0.081,7.9,0.079
2012-09-30,0.42980096826250674,0.008068854222700376,0.02151694459386767,0.30505114354671875,0.06071141248132399,0.3118063143366496,0.3103112840466926,0.05806852572416775,0.29684711481261156,24.45455425,37.672105263157896,21.37500025,21.970000250000002,0,44.86499975,16220.667,16220.667,424,2960,0.59,0.88,0.68,0.48,0.22,314.5,0.66,0.078,8.2,0.08199999999999999
2012-10-31,0.45902415916627193,0.010895310279488394,0.02184235517568851,0.30664814863342155,0.06131914782107387,0.31435838271540195,0.3134951838018478,0.05840868881462551,0.29873610701288483,21.9495716,36.1857140952381,20.5100002,22.5119998,0,45.215999599999996,0,16239.138,401,2922,0.59,0.88,0.68,0.48,0.22,314.7,0.66,0.078,8.8,0.08800000000000001
2012-11-30,0.4524291497975709,0.006578947368421052,0.02382159148504815,0.3054248546913922,0.062441184611126486,0.314066524496635,0.31187127966520234,0.05942138233994437,0.29868643516712184,19.9242855,33.960476047619046,23.6924995,21.119999749999998,0,42.979999500000005,0,16239.138,384,2748,0.59,0.88,0.68,0.48,0.22,314.87,0.68,0.077,9.7,0.09699999999999999
2012-12-31,0.4715353651523864,0.010350776308223116,0.01957397812320092,0.29833155207220047,0.06222538890868068,0.3143009922167429,0.3052808046940486,0.0594020676166527,0.2998098753005648,18.5639998,33.92949995,27.0459998,20.0080002,0,43.878,16239.138,16239.138,377,2787,0.54,0.88,0.68,0.48,0.22,315.04,0.65,0.079,12,0.12
2013-01-31,0.41492368569813454,0.014132278123233465,0.023176936122102882,0.28250470635434993,0.05832973273254737,0.3105237154150198,0.2893597097038511,0.05604167276345439,0.2956402073024332,17.08750025,34.22809504761905,30.6625,19.27,0,43.26749975,0,16382.964,405,3112,0.54,0.88,0.68,0.48,0.22,315.16,0.65,0.08,6.3,0.063
2013-02-28,0.4364508393285372,0.011590727418065548,0.02039184326269492,0.2843527984751343,0.057182464044359727,0.31274303405572756,0.29322361826616006,0.05452341546422994,0.2956898964455639,16.218035999999998,35.4552627368421,27.94499975,20.00500025,0,45.21750075,0,16382.964,361,2648,0.54,0.88,0.68,0.48,0.22,315.3,0.65,0.077,5.8,0.057999999999999996
2013-03-31,0.4402539208364451,0.008961911874533234,0.01832460732984293,0.30038541641730304,0.0586770726101841,0.3095295132234573,0.30881195023734,0.05568179261625683,0.29199873924985364,15.89241075,36.44549975,26.479999749999998,21.314999999999998,0,48.53750025,16382.964,16382.964,456,3109,0.54,0.88,0.68,0.48,0.22,315.46,0.65,0.075,5.9,0.059000000000000004
2013-04-30,0.45113070141816786,0.014564967420467612,0.01688411358403684,0.3003276572506578,0.05880454748547883,0.3150545382264517,0.309499941718149,0.05611376617321366,0.2969220357967937,15.0765002,37.82999981818182,27.1359996,21.8000006,0,51.7960006,0,16403.18,453,3067,0.54,0.88,0.68,0.48,0.22,315.61,0.65,0.076,6.4,0.064
2013-05-31,0.4412017167381974,0.011587982832618025,0.024946236559139787,0.2999106626727626,0.060461938670940955,0.3163528297917105,0.3080618005348123,0.057642310644514326,0.29956132741827557,15.902767999999998,36.95545495454545,25.39749975,20.1325,0,51.527499,0,16403.18,437,3093,0.61,0.87,0.72,0.5,0.24,315.81,0.7,0.075,6.7,0.067
2013-06-30,0.4481086323957323,0.009699321047526674,0.018932038834951457,0.29885698355171453,0.060998048508502926,0.32017299107142855,0.3069703680269957,0.058209427396393544,0.3037994722955145,15.01687525,35.4344997,24.0825,22.7749995,0,50.2925005,16403.18,16403.18,372,3097,0.61,0.87,0.72,0.5,0.24,315.99,0.7,0.075,6.8,0.068
2013-07-31,0.4345415778251599,0.010660980810234541,0.017933390264730998,0.29779251585418987,0.06048943431849539,0.316215299646335,0.3051375432327813,0.05781300105364424,0.3002017238217495,15.5172142,35.63136368181818,29.643999400000002,24.3699996,0,50.586,0,16531.685,398,3239,0.6,0.87,0.72,0.49,0.21,316.2,0.7,0.073,6.6,0.066
2013-08-31,0.4268605645851155,0.008126603934987169,0.02011986301369863,0.3027227042028152,0.060106010601060106,0.31832395247029394,0.3095783630565726,0.05723531912883262,0.3018600363971544,17.36625,34.50363645454546,39.3550005,24.07999975,0,48.00500025,0,16531.685,422,3152,0.6,0.87,0.72,0.49,0.21,316.43,0.7,0.07200000000000001,6.7,0.067
2013-09-30,0.43884892086330934,0.011990407673860911,0.020643302928468554,0.2992680720414485,0.061103648674579895,0.31757090350540346,0.3068146457836324,0.058448293745462086,0.301523053371734,17.1165,34.09300045,47.6060014,25.3319996,0,47.195999,16531.685,16531.685,408,3032,0.63,0.89,0.74,0.54,0.27,316.66,0.7,0.07200000000000001,6.8,0.068
2013-10-31,0.4603643525356967,0.009847365829640572,0.020689655172413793,0.2875620655412115,0.05973187686196624,0.3162720202748031,0.29585686937203093,0.05733733544468342,0.30207914468860136,18.2829465,34.579565217391306,51.25750075,27.3374995,0,49.57499975,0,16663.649,429,3033,0.63,0.89,0.74,0.54,0.27,316.88,0.7,0.07200000000000001,6.2,0.062
2013-11-30,0.4491931966855648,0.013083296990841693,0.018785495849716033,0.28679197678819224,0.05770152642866154,0.3124905298247386,0.2956735355848121,0.055261400496088534,0.2964404230429489,18.94125025,35.44449965,47.444998749999996,26.54249975,42.050000499999996,50.087500500000004,0,16663.649,348,2818,0.63,0.89,0.74,0.54,0.27,317.06,0.7,0.069,6.1,0.061
2013-12-31,0.4552656104380242,0.008853681267474371,0.01585820895522388,0.28725974162377904,0.05971168237796392,0.3164603537543694,0.2962217250807855,0.05699868254244451,0.3004254472171771,19.746714,34.531904714285716,53.2759996,30.1119998,59.3419998,48.5979996,16663.649,16663.649,381,2784,0.63,0.89,0.74,0.54,0.27,317.24,0.7,0.067,6.4,0.064
2014-01-31,0.41004450095359185,0.008900190718372537,0.017811704834605598,0.28470141071559096,0.05624588845844602,0.2987217521884042,0.29151546569898046,0.053672023500950405,0.2834285714285714,18.9310715,33.83857128571429,57.81499975,31.9449995,61.36000075,47.93749975,0,16616.54,405,2906,0.62,0.84,0.77,0.52,0.27,317.41,0.7,0.066,7.1,0.071
2014-02-28,0.4462311557788945,0.010050251256281407,0.01662468513853904,0.2834468396465357,0.05293521697529127,0.3020527859237537,0.2920797356358597,0.05066091035070888,0.28692354936046355,18.88535675,32.536842210526316,67.11499775,31.0625,55.65499875,47.04250025,0,16616.54,376,2710,0.62,0.84,0.77,0.52,0.27,317.56,0.7,0.067,7.1,0.071
2014-03-31,0.44265232974910396,0.010752688172043012,0.015124234785740008,0.28509455703924624,0.05244131137169841,0.2901333816436061,0.29443771387277096,0.049969181066547644,0.2738622805522414,18.9762856,33.290000047619046,64.304,31.975999400000003,49.3619986,47.1200006,16616.54,16616.54,433,2972,0.62,0.84,0.77,0.52,0.27,317.73,0.7,0.067,7.2,0.07200000000000001
2014-04-30,0.43651925820256776,0.011412268188302425,0.02145922746781116,0.2863788263601123,0.05734680782803978,0.2993731247321046,0.2943707603523337,0.05490166299643101,0.28459099556119216,19.723839249999997,35.39428580952381,58.909999,30.36499975,41.4224995,46.932499,0,16841.475,435,3167,0.62,0.84,0.77,0.52,0.27,317.91,0.7,0.062,7.2,0.07200000000000001
2014-05-31,0.4594059405940594,0.008415841584158416,0.02183622828784119,0.29399712628385927,0.0594433505401522,0.3093701669244307,0.30243422049391444,0.05684056360789859,0.2947086064225523,21.698036000000002,35.84476214285714,59.97749975,33.30500025,31.812499000000003,49.31250025,0,16841.475,365,3218,0.62,0.84,0.77,0.52,0.27,318.11,0.7,0.063,7.4,0.07400000000000001
2014-06-30,0.42778793418647165,0.011882998171846435,0.019724770642201836,0.29055029259716064,0.0594657009394846,0.3026381546069071,0.298002233527733,0.056881917903409934,0.28729570387323067,23.021214399999998,35.159523523809526,65.0779998,33.2900002,38.3460016,49.4039992,16841.475,16841.475,373,3175,0.62,0.84,0.77,0.52,0.27,318.3,0.7,0.061,7.5,0.075
2014-07-31,0.4181994191674734,0.01452081316553727,0.017969888295288974,0.2891655043553778,0.05697518355746204,0.3042411774014876,0.2958192936478223,0.05478597279420941,0.2894954094013459,23.96562475,35.88363654545454,70.57749925,32.5825,39.4175005,50.54500025,0,17047.098,399,3128,0.62,0.84,0.77,0.52,0.27,318.54,0.7,0.062,7.5,0.075
2014-08-31,0.43752924660739356,0.009358914365933552,0.013621418506341005,0.288756822935265,0.055017089221037596,0.3040186222597396,0.2964467987325545,0.05265703988583315,0.28902042598612393,24.783749999999998,34.71000004761905,74.01999875,29.525,45.90499975,48.98999975,0,17047.098,469,3550,0.62,0.84,0.77,0.52,0.27,318.77,0.7,0.061,7.3,0.073
2014-09-30,0.45015739769150054,0.013641133263378805,0.016824395373291272,0.2996055333405382,0.056846428185453365,0.3045315420244319,0.306978775887764,0.054730458913613236,0.290435588985343,25.0980004,35.042857285714284,77.7760024,29.91,52.328,49.6339996,17047.098,17047.098,475,3553,0.62,0.84,0.77,0.52,0.27,319.01,0.7,0.059000000000000004,7.5,0.075
2014-10-31,0.45326850351161535,0.006482982171799027,0.018418201516793065,0.2841096706092511,0.05551194954935448,0.3063395570994355,0.2921800092788288,0.05317284396102892,0.29260350441928984,25.72625025,34.458261173913044,76.12999925,27.757500999999998,47.647501000000005,49.00749975,0,17143.038,470,3315,0.62,0.84,0.77,0.52,0.27,319.22,0.7,0.057,7.3,0.073
2014-11-30,0.4358836206896552,0.00646551724137931,0.021092482422931314,0.285016630589726,0.05327068264611161,0.3050865399883555,0.2920630127334038,0.05108460415722985,0.29183802195029646,28.66187525,35.202105315789474,75.48249799999999,28.65,40.9825,50.79,0,17143.038,473,2999,0.62,0.84,0.77,0.52,0.27,319.41,0.7,0.057999999999999996,7.4,0.07400000000000001
2014-12-31,0.461046511627907,0.00813953488372093,0.01920838183934808,0.2861267967145791,0.05470529726954792,0.29892895050014473,0.2952748722938458,0.05226989387904035,0.28428175195830413,27.9915,33.510454318181814,78.6599992,26.8560002,37.3660002,47.2060006,17143.038,17143.038,408,2978,0.62,0.84,0.77,0.52,0.27,319.59,0.7,0.055999999999999994,7.7,0.077
2015-01-31,0.45673299398426653,0.01018047200370199,0.015270708005552984,0.2864776229114246,0.051709027169149865,0.2927539509767889,0.296280507300437,0.04931791537887669,0.2767771501651924,28.008750499999998,33.4059999,76.665001,29.682499749999998,38.607499,46.90250025,0,17305.752,465,3146,0.62,0.84,0.77,0.52,0.27,319.73,0.7,0.057,8.1,0.081
2015-02-28,0.4508990318118949,0.00875979714153988,0.012909174734900875,0.278496045777214,0.05006882776863073,0.28716024724014144,0.28803100617063593,0.047784180733336734,0.27199245244530573,31.4981255,34.38999989473684,77.2700005,32.00999975,48.42500025,49.26500125,0,17305.752,387,2823,0.62,0.84,0.77,0.52,0.27,319.89,0.7,0.055,8.2,0.08199999999999999
2015-03-31,0.45481171548117155,0.008786610878661089,0.01882845188284519,0.28840963614554177,0.05357856857257097,0.2952319072371052,0.29778804886101023,0.0510540961184738,0.2796538225722775,31.232999799999998,33.24136359090909,81.3440018,32.6480002,48.455999,48.9440008,17305.752,17305.752,470,3460,0.62,0.84,0.77,0.52,0.27,320.06,0.7,0.054000000000000006,7.7,0.077
2015-04-30,0.47365728900255755,0.006649616368286445,0.012276214833759591,0.28832816880625645,0.05695735576213664,0.2921351630514977,0.2984375,0.05421316964285714,0.27686941964285716,31.94249975,33.299047571428574,80.83499925000001,33.0775,47.81499975,49.6400005,0,17422.845,496,3228,0.62,0.84,0.77,0.52,0.27,320.24,0.66,0.054000000000000006,7.6,0.076
2015-05-31,0.4750530785562633,0.01167728237791932,0.018046709129511677,0.29721247923204724,0.05691957418005046,0.30111993108116425,0.3069563194323271,0.05444076077473391,0.2856104228465073,32.450625,34.26099995,79.66500075,35.93250075,36.9899985,49.745,0,17422.845,519,3444,0.62,0.84,0.77,0.52,0.27,320.43,0.66,0.055999999999999994,7.5,0.075
2015-06-30,0.4515377446411929,0.011649580615097856,0.014445479962721343,0.29503962430290576,0.056677428823011446,0.29771059583211035,0.30431301082394524,0.05400927766732936,0.280925557764524,31.7804998,35.051818090909094,84.2960006,39.2940002,35.9480004,47.3519998,17422.845,17422.845,410,3369,0.62,0.84,0.77,0.52,0.27,320.64,0.66,0.053,7.4,0.07400000000000001
2015-07-31,0.4436416184971098,0.011078998073217727,0.016377649325626204,0.2914503685433218,0.05509665576779671,0.3004560185849084,0.30000270687274994,0.05262303069676791,0.284492326015754,31.16875,34.82954572727273,93.46999925,38.7825005,34.252499,46.8550005,0,17486.021,465,3479,0.65,0.9,0.77,0.51,0.35,320.86,0.67,0.052000000000000005,7.3,0.073
2015-08-31,0.4369230769230769,0.0061570035915854285,0.017948717948717947,0.2914146114471847,0.05461842717543043,0.3066542577943229,0.2992238674519734,0.05201882586078772,0.29115979523311497,27.9899998,33.83952395238095,90.8100006,40.1880006,27.3900002,46.1680002,0,17486.021,460,3447,0.65,0.9,0.77,0.51,0.35,321.08,0.67,0.051,7.3,0.073
2015-09-30,0.4423558897243108,0.009398496240601503,0.013157894736842105,0.3010690056876585,0.059549098883026105,0.30141163571575413,0.30839451627574554,0.056948866220518486,0.2864661165616269,28.2968745,32.56333357142857,92.8225005,41.27250025,26.7374995,44.34000025,17486.021,17486.021,432,3143,0.65,0.9,0.77,0.51,0.35,321.31,0.67,0.05,7.4,0.07400000000000001
2015-10-31,0.4701810436634718,0.01703940362087327,0.01437699680511182,0.2965515192918882,0.05738557043989664,0.30385837763982537,0.3057251371500914,0.055253903502602335,0.2885637923758616,28.85875025,33.395908954545455,98.7350005,39.82750025,30.185,45.4750005,0,17514.062,476,3205,0.65,0.9,0.77,0.51,0.35,321.5,0.67,0.05,7.5,0.075
2015-11-30,0.49749498997995995,0.013026052104208416,0.01753507014028056,0.29673174984808054,0.055166583000871884,0.3010647573251605,0.3067888066256745,0.053055590412849796,0.28686158865604217,29.4769996,33.27149985,105.9999984,37.722000200000004,26.1000002,45.2679994,0,17514.062,434,2920,0.65,0.9,0.77,0.51,0.35,321.71,0.67,0.051,7.2,0.07200000000000001
2015-12-31,0.4892230576441103,0.007518796992481203,0.015538847117794486,0.29467658511071076,0.05329226477596327,0.30214447608531414,0.3053365926007306,0.05078414677689582,0.28644016589304844,27.03125025,34.05863595454545,103.96000125,38.169999000000004,23.4849995,45.82750025,17514.062,17514.062,472,2991,0.65,0.9,0.77,0.51,0.35,321.86,0.67,0.05,7.3,0.073
2016-01-31,0.46686567164179105,0.00835820895522388,0.01671641791044776,0.29191780821917807,0.05459091064762492,0.2959791766559353,0.3014089068825911,0.052082658547645266,0.2808279078806724,24.5531245,34.499474,100.612501,38.9175005,18.14,46.567501,0,17613.264,490,3210,0.65,0.9,0.77,0.51,0.35,322.04,0.67,0.048,7.6,0.076
2016-02-29,0.46916400182731843,0.0109639104613979,0.015989036089538604,0.2941510505394662,0.05425894378194208,0.29043981941565633,0.30439199123205646,0.05172552059664787,0.2743798118049615,24.1985,36.7120005,105.3919998,36.334000599999996,17.4420002,50.9540008,0,17613.264,458,2973,0.65,0.9,0.77,0.51,0.35,322.2,0.67,0.049,7.2,0.07200000000000001
2016-03-31,0.474025974025974,0.009523809523809525,0.016883116883116882,0.29757162346521143,0.05257844474761255,0.28553888130968624,0.30803388090349076,0.050025667351129365,0.2696098562628337,26.490000000000002,38.50863645454545,112.4925005,37.76000025,16.38749975,53.335,17613.264,17613.264,486,3425,0.65,0.9,0.77,0.51,0.35,322.37,0.67,0.05,7.5,0.075
2016-04-30,0.48696985181400104,0.0061318344404701075,0.01481859989780276,0.29325916793302176,0.05840692739993118,0.2977118935657759,0.3035510669490145,0.05562946271006977,0.28268129123340485,26.120625,38.58285685714286,112.102499,39.3725005,16.52,51.254999,0,17668.203,487,3319,0.65,0.9,0.77,0.51,0.35,322.55,0.7,0.051,7.1,0.071
2016-05-31,0.4866581956797967,0.00847098686997035,0.016518424396442185,0.300551211383156,0.059120625560825535,0.30708681606071486,0.3111734274524972,0.05622975390417251,0.29050117254551167,23.8364998,38.89619095238095,118.8999984,41.6000008,14.645999999999999,50.651998999999996,0,17668.203,497,3348,0.65,0.9,0.77,0.51,0.35,322.73,0.7,0.048,6.9,0.069
2016-06-30,0.47368421052631576,0.011789473684210527,0.018105263157894735,0.29261939943399534,0.05662551028074833,0.3014676417551593,0.3027846066565809,0.05410835854765507,0.2855589438101317,23.965625,40.664545636363634,113.977501,41.9475,15.9600005,54.27749925,17668.203,17668.203,417,3306,0.65,0.9,0.77,0.51,0.35,322.94,0.7,0.049,6.5,0.065
2016-07-31,0.45563459378509924,0.00636465743167353,0.017970797454137027,0.29535295213261314,0.056574781151052335,0.3005215123859192,0.3047366459899612,0.05363522784560419,0.2839795717072529,24.895625250000002,42.795499650000004,119.76000025,44.94250025,17.792499999999997,55.8125,0,17764.388,445,3581,0.65,0.9,0.77,0.51,0.35,323.14,0.7,0.048,6.7,0.067
2016-08-31,0.45327646374563785,0.007367196587824738,0.018611865063978286,0.2954310523051478,0.05595883488008821,0.29506351503457146,0.3042591950034698,0.05324109214720999,0.27960183900069396,26.9845006,42.086956478260866,125.0119996,46.85,18.9259998,52.9380006,0,17764.388,519,3518,0.65,0.9,0.77,0.51,0.35,323.35,0.7,0.049,6.6,0.066
2016-09-30,0.469120654396728,0.007361963190184049,0.014723926380368098,0.3005698366468279,0.05668118731638132,0.2982398379131316,0.310398282852373,0.0538052421951394,0.2817076079179585,27.738125,40.68095219047619,128.100002,46.3,20.7225005,52.0600005,17764.388,17764.388,455,3260,0.65,0.9,0.77,0.51,0.35,323.56,0.7,0.05,6.6,0.066
2016-10-31,0.49528857479387517,0.011778563015312132,0.02120141342756184,0.29359270311356345,0.05540228590732504,0.3065315315315315,0.3027941966684578,0.05341214400859753,0.29351389112794884,28.5424994,38.466667,128.1960004,47.3899992,18.0999998,48.7379998,0,17876.179,519,3318,0.65,0.9,0.77,0.51,0.35,323.74,0.7,0.049,6.8,0.068
2016-11-30,0.5057577153385536,0.009672961768770152,0.013364055299539171,0.3021948866377231,0.05566811384466956,0.3085383502170767,0.31232380646787833,0.053379477894157826,0.293857437542975,27.51124975,37.48952414285714,117.95499825,53.79,18.3174995,48.809999500000004,0,17876.179,481,2970,0.69,0.86,0.8,0.64,0.34,323.91,0.73,0.047,6.7,0.067
2016-12-31,0.49,0.01,0.02,0.2956403269754768,0.058058656213399625,0.30503370141976194,0.3053499250647168,0.055657742353021324,0.2907943140015441,28.8912495,41.248571523809524,117.96750075,57.3199995,17.7699995,52.705000749999996,17876.179,17876.179,459,2932,0.69,0.86,0.8,0.64,0.34,324.08,0.73,0.047,6.4,0.064
2017-01-31,0.48085339168490154,0.01477024070021882,0.016958424507658644,0.2921025016079347,0.05233404420974239,0.28513879485443466,0.3031017883898116,0.05014504765851637,0.26951032899770466,30.399,41.54099995,128.389998,59.4719994,17.0360002,51.3419996,0,17977.299,485,3217,0.69,0.86,0.8,0.64,0.34,324.21,0.73,0.047,6.7,0.067
2017-02-28,0.5119774542038515,0.012682010333489901,0.01737905119774542,0.30108790645812616,0.053913148298827714,0.28809932796914084,0.3138026733121885,0.05142727684639783,0.27177729950158586,34.0175,41.42421084210526,135.08250025,63.01999925,15.98250025,49.71499925,0,17977.299,419,2954,0.69,0.86,0.8,0.64,0.34,324.34,0.73,0.046,7,0.07
2017-03-31,0.507606490872211,0.016227180527383367,0.014705882352941176,0.30168556543058533,0.05418492751846517,0.2890897946674839,0.31342118952661696,0.05202161787231583,0.2734524015952835,35.214375499999996,41.974347826086955,140.254997,63.4349985,15.0725,49.54249925,17977.299,17977.299,533,3330,0.69,0.86,0.8,0.64,0.34,324.48,0.73,0.044000000000000004,7,0.07
2017-04-30,0.5095846645367412,0.012779552715654952,0.014909478168264111,0.3107803042695894,0.0551938491738917,0.2955668247996074,0.32228832105538946,0.05273864932342878,0.27932065468668127,35.64437475,40.448420842105264,143.52499775,64.89749925,14.925,47.60999975,0,18054.052,557,3409,0.69,0.86,0.8,0.64,0.34,324.64,0.73,0.045,7.1,0.071
2017-05-31,0.5160462130937099,0.013692768506632435,0.015832263585793753,0.306196165601556,0.06126872099808275,0.3009169213670464,0.31899183343334986,0.05836768773156604,0.28353380123672606,38.3590004,38.35272745454545,150.8740022,66.9060014,18.4380002,45.9419992,0,18054.052,564,3685,0.69,0.86,0.8,0.64,0.34,324.8,0.73,0.044000000000000004,7.6,0.076
2017-06-30,0.46916790490341753,0.014858841010401188,0.01448736998514116,0.30833089882169634,0.0635407537248028,0.30595252586731586,0.31822335953207825,0.0605465180040212,0.2880252244842004,36.34687525,38.47772727272727,151.572502,62.7475005,17.48500025,45.85000025,18054.052,18054.052,518,3556,0.69,0.86,0.8,0.64,0.34,324.99,0.73,0.043,7.4,0.07400000000000001
2017-07-31,0.47480451781059946,0.011728931364031277,0.014769765421372719,0.2984895388556789,0.05790990606319385,0.29766225448334754,0.3086941217881028,0.05523708955599135,0.2812892844571831,37.4689994,37.1295,163.5819976,62.0259996,18.1620002,45.623999999999995,0,18185.636,511,3662,0.69,0.86,0.8,0.64,0.34,325.16,0.73,0.043,7.5,0.075
2017-08-31,0.4901263823064771,0.011848341232227487,0.017772511848341232,0.3090587436991082,0.05772586273749515,0.3005283055447848,0.31952689743355556,0.055073522696136634,0.28418120376290074,39.930625,38.057390956521736,168.45750425,63.62750175,16.35500025,48.0874995,0,18185.636,563,3706,0.69,0.86,0.8,0.64,0.34,325.34,0.73,0.044000000000000004,7.6,0.076
2017-09-30,0.50734249171009,0.014211274277593557,0.016579819990525817,0.3170098052909462,0.05785401011257927,0.296002458306562,0.32760894797931833,0.05542365727550913,0.2804421230347156,39.03250025,37.4994996,170.999996,62.4074995,17.48500075,48.3400015,18185.636,18185.636,507,3514,0.69,0.86,0.8,0.64,0.34,325.51,0.73,0.042,7.3,0.073
2017-10-31,0.5195043597980725,0.01330885727397889,0.015603487838458009,0.3128732676096585,0.05506500928704101,0.2956708101157308,0.32498520471297143,0.052617420777963095,0.2792543175337602,40.2045006,36.38727286363636,175.55,61.2239998,19.186,48.4979996,0,18359.432,564,3502,0.69,0.86,0.8,0.64,0.34,325.66,0.73,0.040999999999999995,7.4,0.07400000000000001
2017-11-30,0.5370114942528735,0.012413793103448275,0.011034482758620689,0.3037018312549152,0.05440399955061229,0.2901803269479243,0.31713385743402417,0.0519865533762143,0.27410858458850623,43.177499749999996,34.2833330952381,178.835003,59.85000025,21.052499750000003,47.13999925,0,18359.432,513,3207,0.69,0.86,0.8,0.64,0.34,325.8,0.73,0.042,7,0.07
2017-12-31,0.5021418372203712,0.009995240361732508,0.015706806282722512,0.3036004710896753,0.052689136896416355,0.2920358945597308,0.31464661176283665,0.05031379922146016,0.2766611053732687,42.97374925,37.86200005,178.20999925,63.0824995,22.94999975,52.46999925,18359.432,18359.432,507,3119,0.69,0.86,0.8,0.64,0.34,325.93,0.73,0.040999999999999995,6.6,0.066
2018-01-31,0.513312693498452,0.0173374613003096,0.014241486068111455,0.30013478561801027,0.050999963571454594,0.2881917878092323,0.3119796325603798,0.04912956719190807,0.27296813708622947,43.128,37.404762,185.5579986,64.1719992,24.716,52.7900004,0,18530.483,575,3388,0.69,0.88,0.78,0.64,0.37,326.03,0.65,0.04,7.5,0.075
2018-02-28,0.5034423407917383,0.012048192771084338,0.018502581755593803,0.2927072664723338,0.05349405183959663,0.2890382898261463,0.3048288493428706,0.05111006608420167,0.2734765605663086,42.53437525,36.82421042105263,178.3449975,60.447501,32.55750025,49.1450005,0,18530.483,524,3069,0.69,0.88,0.78,0.64,0.37,326.14,0.65,0.040999999999999995,7.8,0.078
2018-03-31,0.5135029354207437,0.010176125244618396,0.01761252446183953,0.30489153327716934,0.055233782645324345,0.2855224705789432,0.3180394188312489,0.05239399097165692,0.2686368345749667,43.17000025,36.3142859047619,172.374996,62.69750125,32.74250025,47.92,18530.483,18530.483,526,3482,0.69,0.88,0.78,0.64,0.37,326.26,0.65,0.04,7.8,0.078
2018-04-30,0.5217196596506941,0.012987012987012988,0.016569637259292433,0.3056076462403968,0.05519932248502813,0.2909772844136596,0.31928035132455024,0.05252868678283043,0.2736159120530402,42.7490004,34.96571395238095,167.6399994,61.2939996,29.7620002,48.5600002,0,18654.383,493,3423,0.69,0.88,0.78,0.64,0.37,326.39,0.65,0.04,7.7,0.077
2018-05-31,0.5350467289719626,0.01074766355140187,0.014953271028037384,0.31262493257607005,0.058888853634546434,0.2984515801497652,0.3267670915411356,0.05582791098434204,0.2804254813406228,47.10749975,32.20045463636364,187.14500025,56.6949995,33.915001000000004,48.1725005,0,18654.383,564,3624,0.69,0.88,0.78,0.64,0.37,326.53,0.65,0.038,7.7,0.077
2018-06-30,0.5016486104569006,0.01413094677343382,0.017428167687235045,0.30984785451087604,0.05714370616902413,0.29270177106858436,0.32122990915443744,0.05459119496855346,0.276366177498253,46.9106245,32.57857166666667,195.252506,59.5874995,44.13999925,49.3275,18654.383,18654.383,496,3880,0.69,0.88,0.78,0.64,0.37,326.69,0.65,0.04,7.9,0.079
2018-07-31,0.5107913669064749,0.010071942446043165,0.01342925659472422,0.3118023008095441,0.057578684240427225,0.29724739368803793,0.32292839903459375,0.05492236316339939,0.2813773868268612,48.4855002,31.747142714285715,194.6320006,60.6459998,40.128,51.5579994,0,18752.355,515,3839,0.69,0.88,0.78,0.64,0.37,326.85,0.65,0.038,7.9,0.079
2018-08-31,0.527117031398668,0.014747859181731684,0.016175071360608945,0.3106764610437502,0.055639142106971115,0.29542437383839276,0.3233145365149032,0.05325147920775577,0.27911886441290035,54.306250500000004,32.462174304347826,176.109997,65.5825025,33.54999925,54.1025,0,18752.355,509,3790,0.69,0.88,0.78,0.64,0.37,327.01,0.65,0.038,7.8,0.078
2018-09-30,0.5397273154677951,0.018805829807240243,0.015514809590973202,0.32055450461101914,0.05512532513596595,0.2951730661227868,0.33351872966433993,0.05297700158513863,0.27863062461760946,55.5337505,33.15210452631579,163.1875,67.97249975,29.3925,54.089999,18752.355,18752.355,514,3620,0.69,0.88,0.78,0.64,0.37,327.17,0.65,0.037000000000000005,7.9,0.079
2018-10-31,0.5644965628790942,0.013748483623129802,0.013748483623129802,0.3201327958264169,0.05359401349072512,0.29399520459515716,0.33508138326819376,0.051156462585034014,0.2768515311927967,54.4744994,32.28260843478261,152.1680022,68.0679992,30.3739998,55.142,0,18813.923,543,3581,0.69,0.88,0.78,0.64,0.37,327.31,0.65,0.038,7.6,0.076
2018-11-30,0.5567010309278351,0.01703272075302555,0.017929179740026894,0.3131910297586903,0.055824000909556026,0.29122846910351885,0.32771155182551986,0.053510811749926494,0.2749311736562158,46.8043745,30.44285742857143,139.20750075,68.334999,32.5800005,59.402499000000006,0,18813.923,484,3164,0.69,0.88,0.78,0.64,0.37,327.43,0.65,0.038,7.4,0.07400000000000001
2018-12-31,0.5781328007988018,0.01797304043934099,0.014977533699450823,0.32306089027839807,0.05481613815691529,0.2989518818484993,0.3374171068899629,0.05274249747105766,0.2829684997330486,39.4594994,29.473157894736843,135.5159974,64.8000008,30.8780002,56.2620002,18813.923,18813.923,467,3242,0.69,0.88,0.78,0.64,0.37,327.54,0.65,0.039,9.1,0.091
2019-01-31,0.525500322788896,0.007746933505487412,0.014848289218850872,0.3214988413274452,0.05492150946696401,0.2847021779060614,0.33443898443898445,0.051928904906216725,0.26758140487405285,39.586875,30.47190476190476,152.1399995,68.51749975,33.057500000000005,56.51500025,0,18950.347,503,3330,0.69,0.88,0.78,0.64,0.37,327.64,0.65,0.04,8.5,0.085
2019-02-28,0.5563835072031793,0.010432190760059613,0.013412816691505217,0.3125412852694159,0.05464498065246799,0.28926998112020136,0.32706188616731746,0.05201183431952663,0.2728375699109283,43.04812525,30.28473652631579,163.5,71.49249825,30.8925,55.747499500000004,0,18950.347,429,3130,0.72,0.9,0.82,0.69,0.4,327.73,0.73,0.038,8.6,0.086
2019-03-31,0.5638148667601683,0.013557737260402058,0.01168770453482936,0.3138083973979894,0.05347214006861469,0.2912032654992901,0.32867988542506743,0.05109732691719285,0.2745708960413943,46.251875,30.598571285714286,166.6525,71.27750025,31.790000250000002,58.45249925,18950.347,18950.347,537,3619,0.72,0.9,0.82,0.69,0.4,327.84,0.73,0.038,8,0.08
2019-04-30,0.5617620345140781,0.009082652134423252,0.01635620172648796,0.3216265628686011,0.05429076968445886,0.2905423338936565,0.3362684831367337,0.05153411608329641,0.27382996399889226,50.789,31.727618952380954,184.0120024,73.0939986,36.5919998,57.9380014,0,19020.599,513,3509,0.72,0.9,0.82,0.69,0.4,327.96,0.73,0.037000000000000005,7.5,0.075
2019-05-31,0.5737051792828686,0.011066843736166445,0.019034971226206288,0.328860548932631,0.055976045912002,0.29483198403016525,0.3432909807195596,0.053329158839490715,0.2785764604586845,46.26375,31.287727272727274,183.04249950000002,75.32750125,37.45,57.1674995,0,19020.599,495,3552,0.72,0.9,0.82,0.69,0.4,328.1,0.73,0.037000000000000005,7.3,0.073
2019-06-30,0.5697485806974858,0.00932684509326845,0.011764705882352941,0.33167102681491173,0.05903033276101709,0.296666757515467,0.34666258107348963,0.05590030388927194,0.2787312289304321,48.724374749999996,32.2994999,184.70500175,75.44249925,36.000001,57.6050005,19020.599,19020.599,495,3554,0.72,0.9,0.82,0.69,0.4,328.24,0.73,0.036000000000000004,7.1,0.071
2019-07-31,0.5689368770764119,0.00872093023255814,0.018687707641196014,0.32725770778372903,0.056172888853358915,0.2916910941747055,0.34183047452109677,0.05331163140102667,0.2752291280613011,51.0940002,33.57409109090909,197.6799988,79.0180006,39.0459996,56.9520004,0,19141.744,492,3699,0.72,0.9,0.82,0.69,0.4,328.41,0.73,0.036000000000000004,7,0.07
2019-08-31,0.556475170399221,0.011197663096397274,0.010710808179162609,0.3264885782049682,0.053832230682811136,0.29073432574977376,0.34034254208457976,0.05126400375388586,0.2738657359885034,51.1793755,34.65318195454545,183.74250025,77.45000075,41.440000749999996,56.62749975,0,19141.744,463,3713,0.72,0.9,0.82,0.69,0.4,328.58,0.73,0.037000000000000005,7.3,0.073
2019-09-30,0.5777777777777777,0.016798418972332016,0.014320987654320988,0.32954917228292874,0.056108093960609826,0.29279544562230075,0.3449725384308551,0.05366676894752992,0.27549173033845775,54.7784998,37.19700045,184.4320006,78.9379992,42.5979996,59.9020004,19141.744,19141.744,524,3584,0.72,0.9,0.82,0.69,0.4,328.74,0.73,0.035,7.3,0.073
2019-10-31,0.5941365093907467,0.010077874484654145,0.01923957856161246,0.3269447894320876,0.05608716515651904,0.29991249611877946,0.3424530057695887,0.053416644509438976,0.2836213772932731,60.938751249999996,37.69260913043478,187.8875005,81.30500025,34.81750075,60.42999925,0,19253.959,553,3488,0.72,0.9,0.82,0.69,0.4,328.89,0.73,0.036000000000000004,7.2,0.07200000000000001
2019-11-30,0.5914357682619648,0.012594458438287154,0.016120906801007556,0.3279702227291829,0.05490184306898001,0.2996037701867083,0.3427859146151449,0.05252273435508088,0.28366242669764014,65.9331265,38.55349975,196.60000200000002,79.03750025,29.85,59.7124995,0,19253.959,473,3119,0.72,0.9,0.82,0.69,0.4,329.02,0.73,0.036000000000000004,7.5,0.075
2019-12-31,0.6115384615384616,0.014835164835164835,0.015934065934065933,0.33119180953035354,0.056068986841653214,0.29906895248565635,0.34768972095579914,0.05364244834610535,0.282406958321208,70.6264984,38.50952385714286,203.6460022,77.2039994,31.355999999999998,61.2000002,19253.959,19253.959,477,3223,0.72,0.9,0.82,0.69,0.4,329.14,0.73,0.036000000000000004,7.2,0.07200000000000001
